EPISODE,TITLE,AURORA_BOREALIS,BARN,BEACH,BOAT,BRIDGE,BUILDING,BUSHES,CABIN,CACTUS,CLIFF,CLOUDS,DOCK,FARM,FENCE,FIRE,FLOWERS,FOG,GRASS,HILLS,LAKE,LIGHTHOUSE,MILL,MOON,MOUNTAIN,NIGHT,OCEAN,PATH,PERSON,PORTRAIT,RIVER,ROCKS,SNOW,STRUCTURE,SUN,TREE,WATERFALL,WAVES,WINDMILL,Image
S01E01,"""A WALK IN THE WOODS""",0,0,0,0,0,0,1,0,0,0,0,0,0,0,0,0,0,1,0,0,0,0,0,0,0,0,0,0,0,1,0,0,0,0,1,0,,0,https://1209k.com/bobross/images/4243764.jpg
S01E02,"""MT. MCKINLEY""",0,0,0,0,0,0,0,1,0,0,1,0,0,0,0,0,0,0,0,0,0,0,0,1,0,0,0,0,0,0,0,1,0,0,1,0,0,0,https://1209k.com/bobross/images/2115121.jpg
S01E03,"""EBONY SUNSET""",0,0,0,0,0,0,0,1,0,0,0,0,0,1,0,0,0,0,0,0,0,0,0,1,0,0,0,0,0,0,0,0,1,1,1,0,0,0,https://1209k.com/bobross/images/4243765.jpg
S01E04,"""WINTER MIST""",0,0,0,0,0,0,1,0,0,0,1,0,0,0,0,0,0,0,0,1,0,0,0,1,0,0,0,0,0,0,0,0,0,0,1,0,0,0,https://1209k.com/bobross/images/4243766.jpg
S01E05,"""QUIET STREAM""",0,0,0,0,0,0,0,0,0,0,0,0,0,0,0,0,0,0,0,0,0,0,0,0,0,0,0,0,0,1,1,0,0,0,1,0,0,0,https://1209k.com/bobross/images/4243767.jpg
S01E06,"""WINTER MOON""",0,0,0,0,0,0,0,1,0,0,0,0,0,0,0,0,0,0,0,1,0,0,1,1,1,0,0,0,0,0,0,1,1,0,1,0,0,0,https://1209k.com/bobross/images/4243768.jpg
S01E07,"""AUTUMN MOUNTAINS""",0,0,0,0,0,0,0,0,0,0,0,0,0,0,0,0,0,0,0,1,0,0,0,1,0,0,0,0,0,0,0,0,0,0,1,0,0,0,https://1209k.com/bobross/images/4243769.jpg
S01E08,"""PEACEFUL VALLEY""",0,0,0,0,0,0,1,0,0,0,0,0,0,0,0,0,0,0,0,1,0,0,0,1,0,0,0,0,0,0,0,0,0,0,1,0,0,0,https://1209k.com/bobross/images/4243770.jpg
S01E09,"""SEASCAPE""",0,0,1,0,0,0,0,0,0,0,1,0,0,1,0,0,0,0,0,0,0,0,0,0,0,1,0,0,0,0,0,0,0,0,0,0,0,0,https://1209k.com/bobross/images/4243771.jpg
S01E10,"""MOUNTAIN LAKE""",0,0,0,0,0,0,1,0,0,0,0,0,0,0,0,0,0,0,0,1,0,0,0,1,0,0,0,0,0,0,0,0,0,0,1,0,0,0,https://1209k.com/bobross/images/4243772.jpg
S01E11,"""WINTER GLOW""",0,0,0,0,0,0,0,0,0,0,0,0,0,0,0,0,0,0,0,1,0,0,0,0,0,0,0,0,0,0,0,0,0,0,1,0,0,0,https://1209k.com/bobross/images/4243773.jpg
S01E12,"""SNOWFALL""",0,0,0,0,0,0,0,0,0,0,1,0,0,0,0,0,0,0,0,1,0,0,0,1,0,0,0,0,0,0,0,0,0,0,1,0,0,0,https://1209k.com/bobross/images/4243774.jpg
S01E13,"""FINAL REFLECTIONS""",0,0,0,0,0,0,1,0,0,0,0,0,0,0,0,0,0,1,0,0,0,0,0,1,0,0,0,0,0,0,0,0,0,0,1,0,0,0,https://1209k.com/bobross/images/4243776.jpg
S02E01,"""MEADOW LAKE""",0,0,0,0,0,0,1,0,0,0,0,0,0,0,0,0,0,1,0,1,0,0,0,1,0,0,0,0,0,0,0,0,0,0,1,0,0,0,"https://1209k.com/bobross/images/378173.jpg"""
S02E02,"""WINTER SUN""",0,0,0,0,0,0,0,0,0,0,0,0,0,0,0,0,0,0,0,1,0,0,0,0,0,0,0,0,0,0,0,1,0,1,1,0,0,0,"https://1209k.com/bobross/images/378174.jpg"""
S02E03,"""EBONY SEA""",0,0,0,0,0,0,0,0,0,0,1,0,0,0,0,0,0,0,0,0,0,0,0,0,0,1,0,0,0,0,0,0,0,1,1,0,1,0,"https://1209k.com/bobross/images/378175.jpg"""
S02E04,"""SHADES OF GREY""",0,0,0,0,0,0,1,1,0,0,1,0,0,0,0,0,0,0,0,1,0,0,0,1,0,0,0,0,0,0,0,1,1,0,1,0,0,0,"https://1209k.com/bobross/images/378176.jpg"""
S02E05,"""AUTUMN SPLENDOR""",0,0,0,0,0,0,1,0,0,0,0,0,0,0,0,0,0,1,0,1,0,0,0,0,0,0,0,0,0,0,0,0,0,0,1,0,0,0,"https://1209k.com/bobross/images/378177.jpg"""
S02E06,"""BLACK RIVER""",0,0,0,0,0,0,1,0,0,0,1,0,0,0,0,0,0,1,0,0,0,0,0,0,0,0,0,0,0,1,0,0,0,0,1,0,0,0,"https://1209k.com/bobross/images/378178.jpg"""
S02E07,"""BROWN MOUNTAIN""",0,0,0,0,0,0,0,0,0,0,1,0,0,0,0,0,0,1,0,1,0,0,0,1,0,0,0,0,0,0,0,0,0,0,1,0,0,0,"https://1209k.com/bobross/images/378179.jpg"""
S02E08,"""REFLECTIONS""",0,0,0,0,0,0,1,0,0,0,1,0,0,0,0,0,0,0,0,1,0,0,0,1,0,0,0,0,0,0,0,0,0,0,1,0,0,0,"https://1209k.com/bobross/images/378180.jpg"""
S02E09,"""BLACK & WHITE SEASCAPE""",0,0,0,0,0,0,0,0,0,0,0,0,0,0,0,0,0,0,0,0,0,0,0,0,0,1,0,0,0,0,1,0,0,1,1,0,1,0,"https://1209k.com/bobross/images/378181.jpg"""
S02E10,"""LAZY RIVER""",0,0,0,0,0,0,0,0,0,0,0,0,0,0,0,0,0,1,0,0,0,0,0,0,0,0,0,0,0,1,0,0,0,0,1,0,0,0,"https://1209k.com/bobross/images/378182.jpg"""
S02E11,"""BLACK WATERFALL""",0,0,0,0,0,0,1,0,0,0,1,0,0,0,0,0,0,1,0,0,0,0,0,0,0,0,0,0,0,1,1,0,0,0,1,1,0,0,"https://1209k.com/bobross/images/378183.jpg"""
S02E12,"""MOUNTAIN WATERFALL""",0,0,0,0,0,0,0,0,0,0,0,0,0,0,0,0,0,1,0,1,0,0,0,1,0,0,0,0,0,0,0,0,0,0,1,1,0,0,"https://1209k.com/bobross/images/378184.jpg"""
S02E13,"""FINAL GRACE""",0,0,0,0,0,0,1,0,0,0,1,0,0,0,0,0,0,0,0,1,0,0,0,1,0,0,0,0,0,0,0,0,0,0,1,0,0,0,"https://1209k.com/bobross/images/378185.jpg"""
S03E01,"""MOUNTAIN RETREAT""",0,0,0,0,0,0,1,1,0,0,0,0,0,0,0,0,0,0,0,1,0,0,0,1,0,0,0,0,0,0,0,0,1,0,1,0,0,0,https://1209k.com/bobross/images/4066881.jpg
S03E02,"""BLUE MOON""",0,0,0,0,0,0,0,0,0,0,1,0,0,0,0,0,0,0,0,0,0,0,1,0,1,1,0,0,0,0,0,0,0,0,1,0,1,0,https://1209k.com/bobross/images/4066891.jpg
S03E03,"""BUBBLING STREAM""",0,0,0,0,0,0,0,0,0,0,0,0,0,0,0,0,0,1,0,0,0,0,0,0,0,0,0,0,0,1,1,0,0,0,1,0,0,0,https://1209k.com/bobross/images/4066901.jpg
S03E04,"""WINTER NIGHT""",0,0,0,0,0,0,0,1,0,0,0,0,0,0,0,0,0,0,0,0,0,0,0,0,0,0,0,0,0,0,0,1,1,0,1,0,0,0,https://1209k.com/bobross/images/4066911.jpg
S03E05,"""DISTANT HILLS""",0,0,0,0,0,0,0,0,0,0,1,0,0,0,0,0,0,0,1,1,0,0,0,1,0,0,0,0,0,0,0,0,0,0,1,0,0,0,https://1209k.com/bobross/images/4066921.jpg
S03E06,"""COVERED BRIDGE""",0,0,0,0,1,0,0,0,0,0,0,0,0,0,0,0,0,0,0,0,0,0,0,0,0,0,1,0,0,0,0,0,1,0,1,0,0,0,https://1209k.com/bobross/images/4066931.jpg
S03E07,"""QUIET INLET""",0,0,0,0,0,0,0,0,0,0,0,0,0,0,0,0,0,0,0,1,0,0,0,1,0,0,0,0,0,0,0,0,0,0,1,0,0,0,https://1209k.com/bobross/images/4066941.jpg
S03E08,"""NIGHT LIGHT""",0,0,0,0,0,0,0,0,0,1,1,0,0,0,0,0,0,0,0,0,1,0,0,0,1,1,0,0,0,0,0,0,1,0,0,0,1,0,https://1209k.com/bobross/images/4066951.jpg
S03E09,"""THE OLD MILL""",0,0,0,0,0,0,1,1,0,0,1,0,0,0,0,0,0,0,0,0,0,1,0,0,0,0,0,0,0,1,0,0,1,0,1,0,0,0,https://1209k.com/bobross/images/4066961.jpg
S03E10,"""CAMPFIRE""",0,0,0,0,0,0,1,0,0,0,0,0,0,0,1,0,0,0,0,1,0,0,0,0,0,0,0,1,0,0,0,0,0,0,1,0,0,0,https://1209k.com/bobross/images/4066971.jpg
S03E11,"""RUSTIC BARN""",0,1,0,0,0,0,0,0,0,0,0,0,0,1,0,0,0,0,0,1,0,0,0,0,0,0,0,0,0,0,0,0,1,0,1,0,0,0,https://1209k.com/bobross/images/4066981.jpg
S03E12,"""HIDDEN LAKE""",0,0,0,0,0,0,1,0,0,0,0,0,0,0,0,0,0,0,0,1,0,0,0,1,0,0,0,0,0,0,0,0,0,0,1,0,0,0,https://1209k.com/bobross/images/4066991.jpg
S03E13,"""PEACEFUL WATERS""",0,0,0,0,0,0,0,0,0,0,1,0,0,0,0,0,0,0,0,1,0,0,0,1,0,0,0,0,0,0,0,0,0,0,1,0,0,0,https://1209k.com/bobross/images/4067001.jpg
S04E01,"""PURPLE SPLENDOR""",0,0,0,0,0,0,0,1,0,0,0,0,0,0,0,0,0,0,0,1,0,0,0,0,0,0,0,0,0,0,0,1,1,0,1,0,0,0,https://1209k.com/bobross/images/1958351.jpg
S04E02,"""TRANQUIL VALLEY""",0,0,0,0,0,0,1,0,0,0,1,0,0,0,0,0,0,1,0,1,0,0,0,1,0,0,0,0,0,0,0,0,0,0,1,0,0,0,https://1209k.com/bobross/images/1958361.jpg
S04E03,"""MAJESTIC MOUNTAINS""",0,0,0,0,0,0,1,0,0,0,0,0,0,0,0,0,0,1,0,0,0,0,0,1,0,0,0,0,0,0,0,0,0,0,1,0,0,0,https://1209k.com/bobross/images/1958371.jpg
S04E04,"""WINTER SAWSCAPE""",0,0,0,0,0,0,0,1,0,0,1,0,0,0,0,0,0,0,0,1,0,0,0,0,0,0,0,0,0,0,0,1,1,0,1,0,0,0,https://1209k.com/bobross/images/1958381.jpg
S04E05,"""EVENING SEASCAPE""",0,0,1,0,0,0,0,0,0,1,1,0,0,0,0,0,0,0,0,0,0,0,0,0,0,1,0,0,0,0,1,0,0,0,1,0,1,0,https://1209k.com/bobross/images/2626471.jpg
S04E06,"""WARM SUMMER DAY""",0,0,0,0,0,0,1,0,0,0,0,0,0,0,0,0,0,0,0,1,0,0,0,0,0,0,0,0,0,0,0,0,0,0,1,0,0,0,https://1209k.com/bobross/images/2626481.jpg
S04E07,"""CABIN IN THE WOODS""",0,0,0,0,0,0,0,1,0,0,0,0,0,0,0,0,0,1,0,0,0,0,0,0,0,0,1,0,0,0,0,0,1,0,1,0,0,0,https://1209k.com/bobross/images/2626491.jpg
S04E08,"""WETLANDS""",0,0,0,0,0,0,0,0,0,0,0,0,0,0,0,0,0,1,0,1,0,0,0,0,0,0,0,0,0,0,0,0,0,0,1,0,0,0,https://1209k.com/bobross/images/2626501.jpg
S04E09,"""COOL WATERS""",0,0,0,0,0,0,1,0,0,0,1,0,0,0,0,0,0,0,0,1,0,0,0,1,0,0,0,0,0,0,0,0,0,0,1,0,0,0,https://1209k.com/bobross/images/2626511.jpg
S04E10,"""QUIET WOODS""",0,0,0,0,0,0,1,0,0,0,0,0,0,0,0,0,0,1,0,0,0,0,0,0,0,0,0,0,0,1,0,0,0,0,1,0,0,0,https://1209k.com/bobross/images/2626521.jpg
S04E11,"""NORTHWEST MAJESTY""",0,0,0,0,0,0,0,0,0,0,1,0,0,0,0,0,0,0,0,0,0,0,0,1,0,0,0,0,0,0,0,0,0,0,1,0,0,0,https://1209k.com/bobross/images/2626531.jpg
S04E12,"""AUTUMN DAYS""",0,0,0,0,0,0,0,0,0,0,0,0,0,0,0,0,0,1,1,1,0,0,0,0,0,0,0,0,0,0,0,0,0,0,1,0,0,0,https://1209k.com/bobross/images/2626541.jpg
S04E13,"""MOUNTAIN CHALLENGE""",0,0,0,0,0,0,0,0,0,0,0,0,0,0,0,0,0,1,0,1,0,0,0,1,0,0,0,0,0,0,0,0,0,0,1,0,0,0,https://1209k.com/bobross/images/2986511.jpg
S05E01,"""MOUNTAIN WATERFALL""",0,0,0,0,0,0,1,0,0,0,1,0,0,0,0,0,0,0,0,1,0,0,0,1,0,0,0,0,0,0,0,0,0,0,1,1,0,0,https://1209k.com/bobross/images/2339801.jpg
S05E02,"""TWILIGHT MEADOW""",0,0,0,0,0,0,0,0,0,0,1,0,0,0,0,0,0,1,0,1,0,0,0,0,0,0,0,0,0,0,0,0,0,0,1,0,0,0,https://1209k.com/bobross/images/2339811.jpg
S05E03,"""MOUNTAIN BLOSSOMS""",0,0,0,0,0,0,0,0,0,0,0,0,0,0,0,1,0,0,0,0,0,0,0,1,0,0,0,0,0,0,0,1,0,0,1,0,0,0,https://1209k.com/bobross/images/2339821.jpg
S05E04,"""WINTER STILLNESS""",0,0,0,0,0,0,0,0,0,0,0,0,0,0,0,0,0,0,0,1,0,0,0,0,0,0,0,0,0,0,0,1,0,0,1,0,0,0,https://1209k.com/bobross/images/2339831.jpg
S05E05,"""QUIET POND""",0,0,0,0,0,0,0,0,0,0,0,0,0,0,0,0,0,1,0,1,0,0,0,0,0,0,0,0,0,0,0,0,0,0,1,0,0,0,https://1209k.com/bobross/images/2339841.jpg
S05E06,"""OCEAN SUNRISE""",0,0,0,0,0,0,0,0,0,0,1,0,0,0,0,0,0,1,0,0,0,0,0,0,0,1,0,0,0,0,0,0,0,1,0,0,0,0,https://1209k.com/bobross/images/2339851.jpg
S05E07,"""BUBBLING BROOK""",0,0,0,0,0,0,0,0,0,0,0,0,0,0,0,0,0,1,0,0,0,0,0,0,0,0,0,0,0,1,1,0,0,0,1,0,0,0,https://1209k.com/bobross/images/2339861.jpg
S05E08,"""ARIZONA SPLENDOR""",0,0,0,0,0,0,0,0,0,0,0,0,0,0,0,0,0,1,0,0,0,0,0,1,0,0,0,0,0,1,0,0,0,0,1,0,0,0,https://1209k.com/bobross/images/2339871.jpg
S05E09,"""ANATOMY OF A WAVE""",0,0,0,0,0,0,0,0,0,0,0,0,0,0,0,0,0,0,0,0,0,0,0,0,0,1,0,0,0,0,0,0,0,0,0,0,1,0,https://1209k.com/bobross/images/2339881.jpg
S05E10,"""THE WINDMILL""",0,1,0,0,0,0,0,0,0,0,1,0,0,0,0,0,0,0,0,0,0,0,0,0,0,0,1,0,0,0,0,0,1,0,1,0,0,1,https://1209k.com/bobross/images/2339891.jpg
S05E11,"""AUTUMN GLORY""",0,0,0,0,0,0,1,0,0,0,1,0,0,0,0,0,0,1,0,1,0,0,0,1,0,0,0,0,0,0,1,0,0,0,1,0,0,0,https://1209k.com/bobross/images/2339901.jpg
S05E12,"""INDIAN GIRL""",0,0,0,0,0,0,0,0,0,0,0,0,0,0,0,0,0,0,0,0,0,0,0,0,0,0,0,0,1,0,0,0,0,0,0,0,0,0,https://1209k.com/bobross/images/2339911.jpg
S05E13,"""MEADOW STREAM""",0,1,0,0,0,0,0,0,0,0,1,0,0,0,0,0,0,1,0,0,0,0,0,0,0,0,0,0,0,1,1,0,1,0,1,0,0,0,https://1209k.com/bobross/images/2339921.jpg
S06E01,"""BLUE RIVER""",0,0,0,0,0,0,1,0,0,0,0,0,0,0,0,0,0,1,1,0,0,0,0,0,0,0,0,0,0,1,0,0,0,0,1,0,0,0,https://1209k.com/bobross/images/2264771.jpg
S06E02,"""NATURE'S EDGE""",0,0,0,0,0,0,1,1,0,0,1,0,0,0,0,0,1,1,0,1,0,0,0,0,0,0,0,0,0,0,0,0,1,0,1,0,0,0,https://1209k.com/bobross/images/2264781.jpg
S06E03,"""MORNING MIST""",0,0,0,0,0,0,0,0,0,0,1,0,0,0,0,0,1,0,0,1,0,0,0,1,0,0,0,0,0,0,0,0,0,0,1,0,0,0,https://1209k.com/bobross/images/2264791.jpg
S06E04,"""WHISPERING STREAM""",0,0,0,0,0,0,0,0,0,0,0,0,0,0,0,0,0,1,0,0,0,0,0,0,0,0,0,0,0,1,1,0,0,0,1,0,0,0,https://1209k.com/bobross/images/2264801.jpg
S06E05,"""SECLUDED FOREST""",0,0,0,0,0,0,1,0,0,0,0,0,0,0,0,0,0,0,0,0,0,0,0,0,0,0,0,0,0,1,0,0,0,0,1,0,0,0,https://1209k.com/bobross/images/2264811.jpg
S06E06,"""SNOW TRAIL""",0,0,0,0,0,0,0,0,0,0,1,0,0,0,0,0,0,1,0,0,0,0,0,0,0,0,0,0,0,0,0,1,0,0,1,0,0,0,https://1209k.com/bobross/images/2264821.jpg
S06E07,"""ARCTIC BEAUTY""",0,0,0,0,0,0,0,0,0,0,1,0,0,0,0,0,0,1,0,0,0,0,0,1,0,0,0,0,0,1,0,0,0,0,1,1,0,0,https://1209k.com/bobross/images/2264831.jpg
S06E08,"""HORIZONS WEST""",0,0,0,0,0,0,1,0,0,0,0,0,0,0,0,0,0,0,0,1,0,0,0,1,0,0,0,0,0,0,0,0,0,0,1,0,0,0,https://1209k.com/bobross/images/2264841.jpg
S06E09,"""HIGH CHATEAU""",0,0,0,0,0,0,1,1,0,0,1,0,0,0,0,0,0,1,0,0,0,0,0,0,0,0,0,0,0,0,1,0,0,0,1,0,0,0,https://1209k.com/bobross/images/2264851.jpg
S06E10,"""COUNTRY LIFE""",0,1,0,0,0,0,0,0,0,0,1,0,0,1,0,0,0,1,0,0,0,0,0,0,0,0,0,0,0,0,0,0,0,0,0,0,0,0,https://1209k.com/bobross/images/2264861.jpg
S06E11,"""WESTERN EXPANSE""",0,0,0,0,0,0,0,0,0,0,1,0,0,0,0,0,0,0,0,0,0,0,0,1,0,0,0,0,0,1,0,0,0,0,1,0,0,0,https://1209k.com/bobross/images/2264871.jpg
S06E12,"""MARSHLANDS""",0,0,0,0,0,0,1,0,0,0,1,0,0,0,0,0,0,0,0,1,0,0,0,0,0,0,0,0,0,0,0,0,0,0,1,0,0,0,https://1209k.com/bobross/images/2264881.jpg
S06E13,"""BLAZE OF COLOR""",0,0,0,0,0,0,0,0,0,0,1,0,0,0,0,0,0,1,1,0,0,0,0,0,0,0,0,0,0,1,0,0,0,0,1,0,0,0,https://1209k.com/bobross/images/2264891.jpg
S07E01,"""WINTER CABIN""",0,0,0,0,0,0,0,1,0,0,1,0,0,0,0,0,0,0,0,0,0,0,0,0,0,0,0,0,0,0,0,1,1,0,1,0,0,0,https://1209k.com/bobross/images/2184001.jpg
S07E02,"""SECLUDED LAKE""",0,0,0,0,0,0,0,0,0,0,1,0,0,0,0,0,0,1,0,1,0,0,0,0,0,0,0,0,0,0,1,0,0,0,1,0,0,0,https://1209k.com/bobross/images/2184011.jpg
S07E03,"""EVERGREENS AT SUNSET""",0,0,0,0,0,0,0,0,0,0,1,0,0,0,0,0,0,0,0,0,0,0,0,0,0,0,0,0,0,1,0,0,0,1,1,0,0,0,https://1209k.com/bobross/images/2184021.jpg
S07E04,"""MOUNTAIN CABIN""",0,0,0,0,0,0,0,1,0,0,1,0,0,0,0,0,0,0,0,0,0,0,0,1,0,0,0,0,0,1,0,0,1,0,1,0,0,0,https://1209k.com/bobross/images/2184031.jpg
S07E05,"""PORTRAIT OF SALLY""",0,0,0,0,0,0,0,0,0,0,0,0,0,0,0,0,0,0,0,0,0,0,0,0,0,0,0,0,1,0,0,0,0,0,0,0,0,0,https://1209k.com/bobross/images/2184041.jpg
S07E06,"""MISTY WATERFALL""",0,0,0,0,0,0,1,0,0,0,1,0,0,0,0,0,0,0,0,1,0,0,0,0,0,0,0,0,0,1,0,0,0,0,1,1,0,0,https://1209k.com/bobross/images/2184051.jpg
S07E07,"""BARN AT SUNSET""",0,1,0,0,0,0,0,0,0,0,1,0,0,0,0,0,0,0,0,0,0,0,0,0,0,0,1,0,0,0,0,1,1,0,1,0,0,0,https://1209k.com/bobross/images/2184061.jpg
S07E08,"""MOUNTAIN SPLENDOR""",0,0,0,0,0,0,1,0,0,0,0,0,0,0,0,0,0,0,0,0,0,0,0,1,0,0,0,0,0,1,0,0,0,0,1,0,0,0,https://1209k.com/bobross/images/2184071.jpg
S07E09,"""LAKE BY MOUNTAIN""",0,0,0,0,0,0,1,0,0,0,1,0,0,0,0,0,0,0,0,1,0,0,0,1,0,0,0,0,0,0,0,0,0,0,1,0,0,0,https://1209k.com/bobross/images/2184081.jpg
S07E10,"""MOUNTAIN GLORY""",0,0,0,0,0,0,0,0,0,0,1,0,0,0,0,0,0,1,0,0,0,0,0,1,0,0,0,0,0,0,0,0,0,0,1,0,0,0,https://1209k.com/bobross/images/2184091.jpg
S07E11,"""GREY WINTER""",0,0,0,0,0,0,1,0,0,0,1,0,0,0,0,0,0,0,0,1,0,0,0,0,0,0,0,0,0,0,0,1,0,0,1,0,0,0,https://1209k.com/bobross/images/2184101.jpg
S07E12,"""DOCK SCENE""",0,0,0,1,0,0,0,0,0,0,1,1,0,0,0,0,0,0,0,1,0,0,0,0,0,0,0,0,0,0,0,0,1,0,1,0,0,0,https://1209k.com/bobross/images/2184111.jpg
S07E13,"""DARK WATERFALL""",0,0,0,0,0,0,1,0,0,0,0,0,0,0,0,0,0,0,0,0,0,0,0,0,0,0,0,0,0,1,0,0,0,0,1,1,0,0,https://1209k.com/bobross/images/2184121.jpg
S08E01,"""MISTY ROLLING HILLS""",0,0,0,0,0,0,0,0,0,0,0,0,0,0,0,0,1,1,0,0,0,0,0,1,0,0,0,0,0,0,0,0,0,0,1,0,0,0,https://1209k.com/bobross/images/1775761.jpg
S08E02,"""LAKESIDE CABIN""",0,0,0,0,0,0,1,1,0,0,1,0,0,0,0,0,0,1,0,1,0,0,0,0,0,0,0,0,0,0,0,0,1,0,1,0,0,0,https://1209k.com/bobross/images/1775771.jpg
S08E03,"""WARM WINTER DAY""",0,0,0,0,0,0,0,1,0,0,0,0,0,0,0,0,0,1,0,0,0,0,0,0,0,0,0,0,0,0,0,1,1,1,1,0,0,0,https://1209k.com/bobross/images/1775781.jpg
S08E04,"""WATERSIDE WAY""",0,0,0,0,0,0,1,0,0,0,0,0,0,0,0,0,0,1,0,1,0,0,0,0,0,0,1,0,0,0,1,0,0,0,1,0,0,0,https://1209k.com/bobross/images/1775791.jpg
S08E05,"""HUNTER'S HAVEN""",0,0,0,0,0,0,0,1,0,0,1,0,0,0,0,0,0,0,0,0,0,0,0,0,0,0,1,0,0,1,1,0,1,0,1,0,0,0,https://1209k.com/bobross/images/1775801.jpg
S08E06,"""BUBBLING MOUNTAIN BROOK""",0,0,0,0,0,0,1,0,0,0,1,0,0,0,0,0,0,1,0,0,0,0,0,1,0,0,0,0,0,1,0,0,0,0,1,0,0,0,https://1209k.com/bobross/images/1775811.jpg
S08E07,"""WINTER HIDEAWAY""",0,0,0,0,0,0,0,1,0,0,0,0,0,1,0,0,0,0,0,0,0,0,0,0,0,0,0,0,0,0,0,1,1,0,1,0,0,0,https://1209k.com/bobross/images/1775821.jpg
S08E08,"""FOOT OF THE MOUNTAIN""",0,0,0,0,0,0,0,0,0,0,0,0,0,0,0,0,0,1,0,0,0,0,0,1,0,0,0,0,0,1,0,0,0,0,1,0,0,0,https://1209k.com/bobross/images/1775831.jpg
S08E09,"""MAJESTIC PINE""",0,0,0,0,0,0,1,0,0,0,1,0,0,0,0,0,0,0,0,0,0,0,0,0,0,0,0,0,0,0,0,0,0,0,1,0,0,0,https://1209k.com/bobross/images/1775841.jpg
S08E10,"""CACTUS AT SUNSET""",0,0,0,0,0,0,0,0,1,0,1,0,0,0,0,0,0,0,0,0,0,0,0,0,0,0,1,0,0,0,1,0,0,0,0,0,0,0,https://1209k.com/bobross/images/1775851.jpg
S08E11,"""MOUNTAIN RANGE""",0,0,0,0,0,0,0,0,0,0,1,0,0,0,0,0,0,0,0,1,0,0,0,1,0,0,0,0,0,0,0,0,0,0,1,0,0,0,https://1209k.com/bobross/images/1775861.jpg
S08E12,"""LONELY RETREAT""",0,0,0,0,0,0,0,1,0,0,1,0,0,0,0,0,0,0,0,0,0,0,0,0,0,0,0,0,0,0,0,1,1,0,1,0,0,0,https://1209k.com/bobross/images/1775871.jpg
S08E13,"""NORTHERN LIGHTS""",1,0,0,0,0,0,0,1,0,0,0,0,0,0,0,0,0,0,0,1,0,0,0,1,1,0,0,0,0,0,0,1,1,0,1,0,0,0,https://1209k.com/bobross/images/1775881.jpg
S09E01,"""WINTER EVERGREENS""",0,0,0,0,0,0,0,0,0,0,1,0,0,0,0,0,0,0,0,0,0,0,0,1,0,0,0,0,0,0,0,1,0,1,1,0,0,0,https://1209k.com/bobross/images/1691561.jpg
S09E02,"""SURF'S UP""",0,0,1,0,0,0,0,0,0,1,1,0,0,0,0,0,0,0,0,0,0,0,0,0,0,1,0,0,0,0,1,0,0,0,0,0,1,0,https://1209k.com/bobross/images/1691611.jpg
S09E03,"""RED SUNSET""",0,0,0,0,0,0,1,0,0,0,1,0,0,0,0,0,0,0,0,1,0,0,0,0,0,0,0,0,0,0,0,0,0,0,1,0,0,0,https://1209k.com/bobross/images/1691621.jpg
S09E04,"""MEADOW ROAD""",0,0,0,0,0,0,1,0,0,0,1,0,0,0,0,0,0,1,0,0,0,0,0,1,0,0,1,0,0,0,0,0,0,0,1,0,0,0,https://1209k.com/bobross/images/1691631.jpg
S09E05,"""WINTER OVAL""",0,0,0,0,0,0,1,1,0,0,0,0,0,0,0,0,1,0,0,0,0,0,0,1,0,0,0,0,0,1,0,0,1,0,1,0,0,0,https://1209k.com/bobross/images/1691641.jpg
S09E06,"""SECLUDED BEACH""",0,0,1,0,0,0,0,0,0,0,1,0,0,0,0,0,0,0,0,0,0,0,0,0,0,1,0,0,0,0,1,0,0,0,0,0,1,0,https://1209k.com/bobross/images/1691651.jpg
S09E07,"""FOREST HILLS""",0,0,0,0,0,0,1,0,0,0,0,0,0,0,0,0,0,0,0,0,0,0,0,1,0,0,0,0,0,1,1,0,0,0,1,0,0,0,https://1209k.com/bobross/images/1691661.jpg
S09E08,"""LITTLE HOUSE BY-THE-ROAD""",0,0,0,0,0,0,0,1,0,0,0,0,0,1,0,0,0,0,0,0,0,0,0,1,0,0,1,0,0,0,0,0,1,0,1,0,0,0,https://1209k.com/bobross/images/1691671.jpg
S09E09,"""MOUNTAIN PATH""",0,0,0,0,0,0,1,0,0,0,1,0,0,0,0,0,0,0,0,0,0,0,0,1,0,0,0,0,0,1,0,0,0,0,1,0,0,0,https://1209k.com/bobross/images/1691681.jpg
S09E10,"""COUNTRY CHARM""",0,0,0,0,0,0,0,0,0,0,0,0,0,0,0,0,0,0,0,0,0,0,0,0,0,0,0,0,0,0,0,0,0,0,0,0,0,0,https://1209k.com/bobross/images/1691571.jpg
S09E11,"""NATURE'S PARADISE""",0,0,0,0,0,0,1,0,0,0,1,0,0,0,0,0,0,1,0,0,0,0,0,1,0,0,0,0,0,1,0,0,0,0,1,0,0,0,https://1209k.com/bobross/images/1691581.jpg
S09E12,"""MOUNTAIN-BY-THE-SEA""",0,0,1,0,0,0,1,0,0,0,1,0,0,0,0,0,0,0,0,0,0,0,0,1,0,1,0,0,0,0,0,0,0,0,1,0,1,0,https://1209k.com/bobross/images/1691591.jpg
S09E13,"""MOUNTAIN HIDE-AWAY""",0,0,0,0,0,0,0,0,0,0,1,0,0,0,0,0,0,1,0,0,0,0,0,1,0,0,0,0,0,1,0,0,0,0,1,0,0,0,https://1209k.com/bobross/images/1691601.jpg
S10E01,"""TOWERING PEAKS""",0,0,0,0,0,0,1,0,0,0,1,0,0,0,0,0,0,0,1,1,0,0,0,1,0,0,0,0,0,0,0,0,0,0,1,0,0,0,https://1209k.com/bobross/images/1641811.jpg
S10E02,"""CABIN AT SUNSET""",0,0,0,0,0,0,0,1,0,0,1,0,0,1,0,0,0,1,0,0,0,0,0,0,0,0,0,0,0,0,0,0,1,0,1,0,0,0,https://1209k.com/bobross/images/1641821.jpg
S10E03,"""TWIN FALLS""",0,0,0,0,0,0,0,0,0,0,1,0,0,0,0,0,0,1,1,0,0,0,0,0,0,0,0,0,0,1,1,0,0,0,1,1,0,0,https://1209k.com/bobross/images/1641831.jpg
S10E04,"""SECLUDED BRIDGE""",0,0,0,0,1,0,0,0,0,0,0,0,0,0,0,0,0,0,0,0,0,0,0,0,0,0,0,0,0,1,1,0,1,0,1,0,0,0,https://1209k.com/bobross/images/1641841.jpg
S10E05,"""OCEAN BREEZE""",0,0,0,0,0,0,0,0,0,0,1,0,0,0,0,0,0,0,0,0,0,0,0,0,0,1,0,0,0,0,1,0,0,0,0,0,1,0,https://1209k.com/bobross/images/1641851.jpg
S10E06,"""AUTUMN WOODS""",0,0,0,0,0,0,1,0,0,0,1,0,0,0,0,0,0,0,0,1,0,0,0,1,0,0,0,0,0,0,0,0,0,0,1,0,0,0,https://1209k.com/bobross/images/1641861.jpg
S10E07,"""WINTER SOLITUDE""",0,0,0,0,0,0,1,0,0,0,0,0,0,0,0,0,0,0,0,0,0,0,0,0,0,0,0,0,0,0,0,1,0,0,1,0,0,0,https://1209k.com/bobross/images/1641871.jpg
S10E08,"""GOLDEN SUNSET""",0,0,0,0,0,0,0,0,0,0,0,0,0,0,0,0,0,0,0,1,0,0,0,0,0,0,0,0,0,0,0,1,0,1,1,0,0,0,https://1209k.com/bobross/images/1641881.jpg
S10E09,"""MOUNTAIN OVAL""",0,0,0,0,0,0,1,0,0,0,1,0,0,0,0,0,0,0,0,1,0,0,0,1,0,0,0,0,0,0,0,0,0,0,1,0,0,0,https://1209k.com/bobross/images/1641891.jpg
S10E10,"""OCEAN SUNSET""",0,0,1,0,0,0,0,0,0,0,1,0,0,0,0,0,0,0,0,0,0,0,0,0,0,1,0,0,0,0,1,0,0,0,0,0,1,0,https://1209k.com/bobross/images/1641901.jpg
S10E11,"""TRIPLE VIEW""",0,0,0,0,0,0,0,1,0,0,0,0,0,0,0,0,0,1,0,0,0,0,0,1,0,0,1,0,0,0,0,0,1,0,1,0,0,0,https://1209k.com/bobross/images/1641911.jpg
S10E12,"""WINTER FROST""",0,0,0,0,0,0,0,0,0,0,1,0,0,0,0,0,0,0,0,0,0,0,0,1,0,0,0,0,0,0,0,1,0,1,1,0,0,0,https://1209k.com/bobross/images/1641921.jpg
S10E13,"""LAKESIDE CABIN""",0,0,0,0,0,0,0,1,0,0,1,0,0,0,0,0,0,1,0,1,0,0,0,0,0,0,1,0,0,0,1,0,1,0,1,0,0,0,https://1209k.com/bobross/images/1641931.jpg
S11E01,"""MOUNTAIN STREAM""",0,0,0,0,0,0,0,0,0,0,0,0,0,0,0,0,0,1,0,0,0,0,0,1,0,0,0,0,0,1,0,0,0,0,1,0,0,0,https://1209k.com/bobross/images/1595421.jpg
S11E02,"""COUNTRY CABIN""",0,0,0,0,0,0,1,1,0,0,1,0,0,0,0,0,0,0,0,0,0,0,0,0,0,0,0,0,0,0,0,1,1,0,1,0,0,0,https://1209k.com/bobross/images/1595431.jpg
S11E03,"""DAISY DELIGHT""",0,0,0,0,0,0,0,0,0,0,0,0,0,1,0,1,0,0,0,0,0,0,0,0,0,0,0,0,0,0,0,0,0,0,1,0,0,0,https://1209k.com/bobross/images/1595441.jpg
S11E04,"""HIDDEN STREAM""",0,0,0,0,0,0,1,0,0,0,1,0,0,0,0,0,0,0,0,0,0,0,0,0,0,0,0,0,0,1,0,0,0,0,1,1,0,0,https://1209k.com/bobross/images/1595451.jpg
S11E05,"""TOWERING GLACIER""",0,0,0,0,0,0,0,0,0,0,1,0,0,0,0,0,0,1,0,0,0,0,0,1,0,0,0,0,0,1,1,0,0,0,1,1,0,0,https://1209k.com/bobross/images/1595461.jpg
S11E06,"""OVAL BARN""",0,1,0,0,0,0,1,0,0,0,1,0,0,0,0,0,0,0,0,0,0,0,0,0,0,0,0,0,0,0,0,1,1,0,1,0,0,0,https://1209k.com/bobross/images/1595471.jpg
S11E07,"""LAKESIDE PATH""",0,0,0,0,0,0,1,0,0,0,1,0,0,0,0,0,0,1,0,1,0,0,0,0,0,0,1,0,0,0,1,0,0,0,1,0,0,0,https://1209k.com/bobross/images/1595481.jpg
S11E08,"""SUNSET OVAL""",0,0,0,0,0,0,1,0,0,0,1,0,0,0,0,0,0,0,0,1,0,0,0,1,0,0,0,0,0,0,0,0,0,0,1,0,0,0,https://1209k.com/bobross/images/1595491.jpg
S11E09,"""WINTER BARN""",0,1,0,0,0,0,0,0,0,0,1,0,0,0,0,0,0,0,0,0,0,0,0,0,0,0,0,0,0,0,0,1,1,0,1,0,0,0,https://1209k.com/bobross/images/1595501.jpg
S11E10,"""SUNSET OVER THE WAVES""",0,0,1,0,0,0,0,0,0,0,1,0,0,0,0,0,0,0,0,0,0,0,0,0,0,1,0,0,0,0,1,0,0,1,0,0,1,0,https://1209k.com/bobross/images/1595511.jpg
S11E11,"""GOLDEN GLOW""",0,0,0,0,0,0,0,0,0,0,1,0,0,0,0,0,0,0,0,1,0,0,0,0,0,0,0,0,0,0,0,1,0,0,1,1,0,0,https://1209k.com/bobross/images/1595521.jpg
S11E12,"""ROADSIDE BARN""",0,1,0,0,0,0,0,0,0,0,1,0,0,1,0,0,0,0,0,1,0,0,0,0,0,0,1,0,0,0,0,0,1,0,1,0,0,0,https://1209k.com/bobross/images/1595531.jpg
S11E13,"""HAPPY ACCIDENT""",0,0,0,0,0,0,1,0,0,0,0,0,0,0,0,0,0,1,0,0,0,0,0,0,0,0,0,0,0,1,1,0,0,0,1,0,0,0,https://1209k.com/bobross/images/1595541.jpg
S12E01,"""GOLDEN KNOLL""",0,0,0,0,0,0,0,1,0,0,0,0,0,0,0,0,1,1,0,0,0,0,0,0,0,0,0,0,0,0,0,0,1,1,1,0,0,0,https://1209k.com/bobross/images/1595551.jpg
S12E02,"""MOUNTAIN REFLECTIONS""",0,0,0,0,0,0,1,0,0,0,1,0,0,0,0,0,0,0,0,0,0,0,0,1,0,0,0,0,0,1,1,0,0,0,1,0,0,0,https://1209k.com/bobross/images/1595561.jpg
S12E03,"""SECLUDED MOUNTAIN""",0,0,0,0,0,0,0,0,0,0,1,0,0,0,0,0,0,1,0,1,0,0,0,1,0,0,0,0,0,0,1,0,0,0,1,0,0,0,https://1209k.com/bobross/images/1595571.jpg
S12E04,"""BRIGHT AUTUMN TREES""",0,0,0,0,0,0,1,0,0,0,0,0,0,0,0,0,0,0,0,0,0,0,0,0,0,0,1,0,0,1,0,0,0,0,1,0,0,0,https://1209k.com/bobross/images/1595581.jpg
S12E05,"""BLACK SEASCAPE""",0,0,1,0,0,0,0,0,0,0,1,0,0,0,0,0,0,0,0,0,0,0,0,0,1,1,0,0,0,0,1,0,0,0,0,0,1,0,https://1209k.com/bobross/images/1595591.jpg
S12E06,"""STEEP MOUNTAINS""",0,0,0,0,0,0,1,1,0,0,1,0,0,0,0,0,0,1,0,1,0,0,0,1,0,0,0,0,0,0,0,0,1,0,1,0,0,0,https://1209k.com/bobross/images/1595601.jpg
S12E07,"""QUIET MOUNTAIN RIVER""",0,0,0,0,0,0,1,0,0,0,1,0,0,0,0,0,0,1,0,0,0,0,0,1,0,0,0,0,0,1,0,0,0,0,1,0,0,0,https://1209k.com/bobross/images/1595611.jpg
S12E08,"""EVENING WATERFALL""",0,0,0,0,0,0,0,0,0,0,0,0,0,0,0,0,0,1,0,0,0,0,0,0,0,0,0,0,0,1,0,0,0,0,1,1,0,0,https://1209k.com/bobross/images/1595621.jpg
S12E09,"""TROPICAL SEASCAPE""",0,0,1,0,0,0,0,0,0,0,1,0,0,0,0,0,0,0,0,0,0,0,0,0,0,1,0,0,0,0,0,0,0,0,0,0,1,0,https://1209k.com/bobross/images/1595631.jpg
S12E10,"""MOUNTAIN AT SUNSET""",0,0,0,0,0,0,1,0,0,0,1,0,0,0,0,0,0,1,0,0,0,0,0,1,0,0,0,0,0,1,0,0,0,0,1,0,0,0,https://1209k.com/bobross/images/1595641.jpg
S12E11,"""SOFT MOUNTAIN GLOW""",0,0,0,0,0,0,1,0,0,0,0,0,0,0,0,0,0,1,0,0,0,0,0,1,0,0,0,0,0,1,0,0,0,0,1,0,0,0,https://1209k.com/bobross/images/1595651.jpg
S12E12,"""MOUNTAIN IN AN OVAL""",0,0,0,0,0,0,1,0,0,0,1,0,0,0,0,0,0,1,0,0,0,0,0,1,0,0,0,0,0,1,0,0,0,1,1,0,0,0,https://1209k.com/bobross/images/1595661.jpg
S12E13,"""WINTER MOUNTAIN""",0,0,0,0,0,0,0,0,0,0,0,0,0,0,0,0,0,0,0,0,0,0,0,1,0,0,0,0,0,1,0,1,0,0,1,0,0,0,https://1209k.com/bobross/images/1595671.jpg
S13E01,"""ROLLING HILLS""",0,0,0,0,0,0,1,0,0,0,0,0,0,0,0,0,0,1,1,1,0,0,0,0,0,0,0,0,0,0,0,0,0,0,1,0,0,0,"https://1209k.com/bobross/images/902661.jpg"""
S13E02,"""FROZEN SOLITUDE""",0,0,0,0,0,0,1,1,0,0,1,0,0,0,0,0,0,0,0,1,0,0,0,1,0,0,0,0,0,0,0,1,1,0,1,0,0,0,"https://1209k.com/bobross/images/902671.jpg"""
S13E03,"""MEADOW BROOK""",0,0,0,0,0,0,0,0,0,0,1,0,0,0,0,0,0,1,0,0,0,0,0,1,0,0,0,0,0,1,0,0,0,0,1,0,0,0,"https://1209k.com/bobross/images/902681.jpg"""
S13E04,"""EVENING AT SUNSET""",0,0,0,0,0,0,1,1,0,0,1,0,0,0,0,0,0,0,0,0,0,0,0,0,0,0,0,0,0,1,1,0,1,0,1,0,0,0,"https://1209k.com/bobross/images/902691.jpg"""
S13E05,"""MOUNTAIN VIEW""",0,0,0,0,0,0,0,0,0,0,1,0,0,0,0,0,0,1,0,0,0,0,0,1,0,0,0,0,0,1,1,0,0,0,1,0,0,0,"https://1209k.com/bobross/images/902701.jpg"""
S13E06,"""HIDDEN CREEK""",0,0,0,0,0,0,0,0,0,0,0,0,0,0,0,0,0,1,0,0,0,0,0,0,0,0,0,0,0,1,0,0,0,0,1,0,0,0,"https://1209k.com/bobross/images/902711.jpg"""
S13E07,"""PEACEFUL HAVEN""",0,0,0,0,0,0,0,0,0,0,1,0,0,0,0,0,0,0,0,0,0,0,0,0,0,0,1,0,0,1,0,0,0,0,1,0,0,0,"https://1209k.com/bobross/images/902721.jpg"""
S13E08,"""MOUNTAIN EXHIBITION""",0,0,0,0,0,0,0,0,0,0,1,0,0,0,0,0,0,1,0,0,0,0,0,1,0,0,0,0,0,1,0,0,0,0,1,0,0,0,"https://1209k.com/bobross/images/902731.jpg"""
S13E09,"""EMERALD WATERS""",0,0,0,0,0,0,1,0,0,0,0,0,0,0,0,0,0,0,0,1,0,0,0,0,0,0,0,0,0,0,0,0,0,0,1,0,0,0,"https://1209k.com/bobross/images/902741.jpg"""
S13E10,"""MOUNTAIN SUMMIT""",0,0,0,0,0,0,1,0,0,0,1,0,0,0,0,0,0,0,0,0,0,0,0,1,0,0,0,0,0,1,0,0,0,0,1,0,0,0,"https://1209k.com/bobross/images/902751.jpg"""
S13E11,"""CABIN HIDEAWAY""",0,0,0,0,0,0,0,1,0,0,0,0,0,0,0,0,0,0,0,1,0,0,0,1,0,0,0,0,0,0,0,1,1,0,1,0,0,0,"https://1209k.com/bobross/images/902761.jpg"""
S13E12,"""OVAL ESSENCE""",0,0,0,0,0,0,0,0,0,0,1,0,0,0,0,0,0,0,0,0,0,0,0,0,1,1,0,0,0,0,1,0,0,0,1,0,1,0,"https://1209k.com/bobross/images/902771.jpg"""
S13E13,"""LOST LAKE""",0,0,0,0,0,0,0,0,0,0,0,0,0,0,0,0,0,1,0,1,0,0,0,1,0,0,1,0,0,0,0,0,0,0,1,0,0,0,"https://1209k.com/bobross/images/902781.jpg"""
S14E01,"""DISTANT MOUNTAINS""",0,0,0,0,0,0,1,0,0,0,1,0,0,0,0,0,0,0,0,1,0,0,0,1,0,0,1,0,0,0,0,0,0,0,1,0,0,0,"https://1209k.com/bobross/images/727921.jpg"""
S14E02,"""MEADOW BROOK SURPRISE""",0,0,0,0,0,0,0,0,0,0,0,0,0,0,0,0,0,1,0,0,0,0,0,0,0,0,0,0,0,1,0,0,0,0,1,0,0,0,"https://1209k.com/bobross/images/902791.jpg"""
S14E03,"""MOUNTAIN MOONLIGHT OVAL""",0,0,0,0,0,0,0,0,0,0,0,0,0,0,0,0,0,1,0,0,0,0,0,1,1,0,0,0,0,0,0,0,0,0,1,0,0,0,"https://1209k.com/bobross/images/902801.jpg"""
S14E04,"""SNOWY SOLITUDE""",0,0,0,0,0,0,0,0,0,0,1,0,0,1,0,0,0,0,0,0,0,0,0,0,0,0,0,0,0,0,0,1,0,0,1,0,0,0,"https://1209k.com/bobross/images/902811.jpg"""
S14E05,"""MOUNTAIN RIVER""",0,0,0,0,0,0,1,0,0,0,1,0,0,0,0,0,1,0,0,0,0,0,0,1,0,0,0,0,0,1,1,0,0,0,1,0,0,0,"https://1209k.com/bobross/images/902821.jpg"""
S14E06,"""GRACEFUL MOUNTAINS""",0,0,0,0,0,0,0,0,0,0,1,0,0,0,0,0,0,0,0,0,0,0,0,1,0,0,0,0,0,1,0,0,0,0,1,0,0,0,"https://1209k.com/bobross/images/902831.jpg"""
S14E07,"""WINDY WAVES""",0,0,1,0,0,0,0,0,0,0,1,0,0,0,0,0,0,1,0,0,0,0,0,0,0,1,0,0,0,0,0,0,0,0,0,0,1,0,"https://1209k.com/bobross/images/902841.jpg"""
S14E08,"""ON A CLEAR DAY""",0,0,0,0,0,0,0,0,0,0,0,0,0,0,0,0,0,0,0,0,0,0,0,1,0,0,0,0,0,1,0,1,0,1,1,0,0,0,"https://1209k.com/bobross/images/902851.jpg"""
S14E09,"""RIVERSIDE ESCAPE OVAL""",0,0,0,0,0,0,0,0,0,0,1,0,0,0,0,0,0,0,0,0,0,0,0,0,0,0,1,0,0,1,0,0,0,0,1,0,0,0,"https://1209k.com/bobross/images/902861.jpg"""
S14E10,"""SURPRISING FALLS""",0,0,0,0,0,0,0,0,0,0,1,0,0,0,0,0,0,0,0,1,0,0,0,1,0,0,0,0,0,0,0,0,0,0,1,1,0,0,"https://1209k.com/bobross/images/902871.jpg"""
S14E11,"""SHADOW POND""",0,0,0,0,0,0,0,0,0,0,0,0,0,0,0,0,0,1,0,1,0,0,0,0,0,0,0,0,0,0,0,0,0,0,1,0,0,0,"https://1209k.com/bobross/images/902881.jpg"""
S14E12,"""MISTY FOREST OVAL""",0,0,0,0,0,0,0,0,0,0,1,0,0,0,0,0,1,1,0,0,0,0,0,0,0,0,0,0,0,0,0,0,0,0,1,0,0,0,"https://1209k.com/bobross/images/902891.jpg"""
S14E13,"""NATURAL WONDER""",0,0,0,0,0,0,0,0,0,0,1,0,0,0,0,0,0,1,0,1,0,0,0,1,0,0,0,0,0,0,0,0,0,0,1,0,0,0,"https://1209k.com/bobross/images/902901.jpg"""
S15E01,"""SPLENDOR OF WINTER""",0,0,0,0,0,0,1,0,0,0,1,0,0,0,0,0,0,0,0,0,0,0,0,0,0,0,0,0,0,0,0,1,0,1,1,0,0,0,"https://1209k.com/bobross/images/306614.jpg"""
S15E02,"""COLORS OF NATURE""",0,0,0,0,0,0,0,0,0,0,1,0,0,0,0,0,0,1,0,0,0,0,0,0,0,0,0,0,0,1,0,0,0,0,1,0,0,0,"https://1209k.com/bobross/images/306615.jpg"""
S15E03,"""GRANDPA'S BARN""",0,1,0,0,0,0,0,0,0,0,0,0,0,1,0,0,0,1,0,0,0,0,0,0,0,0,1,0,0,0,0,0,1,0,1,0,0,0,"https://1209k.com/bobross/images/422639.jpg"""
S15E04,"""PEACEFUL REFLECTIONS""",0,0,0,0,0,0,0,0,0,0,0,0,0,0,0,0,0,0,0,0,0,0,0,0,0,0,0,0,0,0,0,0,0,0,0,0,0,0,"https://1209k.com/bobross/images/422640.jpg"""
S15E05,"""HIDDEN WINTER MOON OVAL""",0,0,0,0,0,0,0,1,0,0,1,0,0,0,0,0,0,0,0,1,0,0,0,1,0,0,0,0,0,0,0,0,1,0,1,0,0,0,"https://1209k.com/bobross/images/422642.jpg"""
S15E06,"""WAVES OF WONDER""",0,0,1,0,0,0,0,0,0,0,1,0,0,0,0,0,0,0,0,0,0,0,0,0,0,1,0,0,0,0,1,0,0,0,0,0,1,0,"https://1209k.com/bobross/images/422644.jpg"""
S15E07,"""CABIN BY THE POND""",0,0,0,0,0,0,0,1,0,0,1,0,0,0,0,0,0,1,0,1,0,0,0,0,0,0,0,0,0,0,0,0,1,0,1,0,0,0,"https://1209k.com/bobross/images/422645.jpg"""
S15E08,"""FALL STREAM""",0,0,0,0,0,0,0,0,0,0,1,0,0,0,0,0,0,1,0,0,0,0,0,1,0,0,0,0,0,1,1,0,0,0,1,0,0,0,"https://1209k.com/bobross/images/422647.jpg"""
S15E09,"""CHRISTMAS EVE SNOW""",0,0,0,0,0,0,0,1,0,0,1,0,0,0,0,0,0,0,0,0,0,0,0,1,0,0,0,0,0,0,0,1,1,0,1,0,0,0,"https://1209k.com/bobross/images/422649.jpg"""
S15E10,"""FOREST DAWN OVAL""",0,0,0,0,0,0,1,0,0,0,0,0,0,0,0,0,0,1,0,0,0,0,0,0,0,0,1,0,0,0,0,0,0,0,1,0,0,0,"https://1209k.com/bobross/images/422650.jpg"""
S15E11,"""PATHWAY TO AUTUMN""",0,0,0,0,0,0,0,1,0,0,0,0,0,0,0,0,0,1,0,0,0,0,0,0,0,0,1,0,0,0,0,0,1,0,1,0,0,0,"https://1209k.com/bobross/images/422651.jpg"""
S15E12,"""DEEP FOREST LAKE""",0,0,0,0,0,0,0,0,0,0,0,0,0,0,0,0,0,0,0,1,0,0,0,0,0,0,0,0,0,0,1,0,0,0,1,0,0,0,"https://1209k.com/bobross/images/422652.jpg"""
S15E13,"""PEAKS OF MAJESTY""",0,0,0,0,0,0,0,0,0,0,1,0,0,0,0,0,0,1,0,1,0,0,0,1,0,0,0,0,0,0,0,0,0,0,1,0,0,0,"https://1209k.com/bobross/images/422653.jpg"""
S16E01,"""TWO SEASONS""",0,0,0,0,0,0,0,0,0,0,1,0,0,0,0,0,1,0,0,1,0,0,0,1,0,0,0,0,0,0,0,0,0,0,1,0,0,0,"https://1209k.com/bobross/images/379637.jpg"""
S16E02,"""NESTLED CABIN""",0,0,0,0,0,0,0,1,0,0,0,0,0,0,0,0,0,1,0,0,0,0,0,0,0,0,1,0,0,0,0,0,1,0,1,0,0,0,"https://1209k.com/bobross/images/379638.jpg"""
S16E03,"""WINTERTIME DISCOVERY""",0,0,0,0,0,0,0,1,0,0,1,0,0,0,0,0,0,0,0,0,0,0,0,0,0,0,0,0,0,0,0,1,1,0,1,0,0,0,"https://1209k.com/bobross/images/379639.jpg"""
S16E04,"""MOUNTAIN MIRAGE""",0,0,0,0,0,0,1,0,0,0,1,0,0,0,0,0,1,0,0,0,0,0,0,0,0,0,0,0,0,0,0,1,0,0,1,0,0,0,"https://1209k.com/bobross/images/379640.jpg"""
S16E05,"""DOUBLE OVAL FANTASY""",0,0,0,0,0,0,1,0,0,0,1,0,0,0,0,0,0,0,0,1,0,0,0,1,0,0,0,0,0,0,0,0,0,0,1,0,0,0,"https://1209k.com/bobross/images/379641.jpg"""
S16E06,"""CONTEMPLATIVE LADY""",0,0,0,0,0,0,0,0,0,0,0,0,0,0,0,0,0,0,0,0,0,0,0,0,0,0,0,0,1,0,0,0,0,0,0,0,0,0,"https://1209k.com/bobross/images/379642.jpg"""
S16E07,"""DEEP WOODS""",0,0,0,0,0,0,0,0,0,0,0,0,0,0,0,0,0,0,0,0,0,0,0,0,0,0,0,0,0,1,1,0,0,0,1,1,0,0,"https://1209k.com/bobross/images/379643.jpg"""
S16E08,"""HIGH TIDE""",0,0,1,0,0,0,0,0,0,0,1,0,0,0,0,0,0,0,0,0,0,0,0,0,0,1,0,0,0,0,0,0,0,0,0,0,1,0,"https://1209k.com/bobross/images/379644.jpg"""
S16E09,"""BARN IN SNOW OVAL""",0,1,0,0,0,0,0,0,0,0,0,0,0,1,0,0,0,0,0,0,0,0,0,0,0,0,0,0,0,0,0,1,1,0,1,0,0,0,"https://1209k.com/bobross/images/379645.jpg"""
S16E10,"""THAT TIME OF YEAR""",0,0,0,0,0,0,0,0,0,0,1,0,0,0,0,0,0,0,1,1,0,0,0,0,0,0,0,0,0,0,0,0,0,0,1,0,0,0,"https://1209k.com/bobross/images/379646.jpg"""
S16E11,"""WATERFALL WONDER""",0,0,0,0,0,0,1,0,0,0,0,0,0,0,0,0,0,0,0,0,0,0,0,0,0,0,0,0,0,1,1,0,0,0,1,1,0,0,"https://1209k.com/bobross/images/379647.jpg"""
S16E12,"""MIGHTY MOUNTAIN LAKE""",0,0,0,0,0,0,0,0,0,0,1,0,0,0,0,1,0,1,0,1,0,0,0,1,0,0,0,0,0,0,0,0,0,0,0,0,0,0,"https://1209k.com/bobross/images/379648.jpg"""
S16E13,"""WOODED STREAM OVAL""",0,0,0,0,0,0,0,0,0,0,0,0,0,0,0,0,0,0,0,0,0,0,0,0,0,0,0,0,0,1,1,0,0,0,1,0,0,0,"https://1209k.com/bobross/images/379649.jpg"""
S17E01,"""GOLDEN MIST OVAL""",0,0,0,0,0,0,0,0,0,0,0,0,0,0,0,0,1,0,0,0,0,0,0,0,0,0,0,0,0,1,0,0,0,0,1,0,0,0,"https://1209k.com/bobross/images/402662.jpg"""
S17E02,"""THE OLD HOME PLACE""",0,0,0,0,0,0,0,1,0,0,0,0,0,1,0,0,0,1,0,0,0,0,0,0,0,0,1,0,0,0,0,0,1,0,1,0,0,0,"https://1209k.com/bobross/images/402663.jpg"""
S17E03,"""SOOTHING VISTA""",0,0,0,0,0,0,0,0,0,0,0,0,0,0,0,0,0,1,0,1,0,0,0,1,0,0,0,0,0,0,0,0,0,0,1,0,0,0,"https://1209k.com/bobross/images/402664.jpg"""
S17E04,"""STORMY SEAS""",0,0,1,0,0,0,0,0,0,0,1,0,0,0,0,0,0,0,0,0,0,0,0,0,0,1,0,0,0,0,1,0,0,1,0,0,1,0,"https://1209k.com/bobross/images/402665.jpg"""
S17E05,"""COUNTRY TIME""",0,0,0,0,0,0,0,1,0,0,0,0,0,0,0,1,0,0,0,1,0,0,0,0,0,0,0,0,0,0,0,0,1,0,1,0,0,0,"https://1209k.com/bobross/images/402666.jpg"""
S17E06,"""A MILD WINTER'S DAY""",0,0,0,0,0,0,0,0,0,0,1,0,0,0,0,0,0,0,0,0,0,0,0,0,0,0,0,0,0,1,0,1,0,0,1,0,0,0,"https://1209k.com/bobross/images/402667.jpg"""
S17E07,"""SPECTACULAR WATERFALL""",0,0,0,0,0,0,0,0,0,0,0,0,0,0,0,0,0,0,0,0,0,0,0,1,0,0,0,0,0,1,1,0,0,0,1,1,0,0,"https://1209k.com/bobross/images/402668.jpg"""
S17E08,"""VIEW FROM THE PARK""",0,0,0,0,1,1,0,0,0,0,0,0,0,0,0,0,0,0,0,1,0,0,0,0,0,0,0,0,0,0,0,0,1,0,1,0,0,0,"https://1209k.com/bobross/images/402669.jpg"""
S17E09,"""LAKE VIEW""",0,0,0,0,0,0,0,0,0,0,0,0,0,0,0,1,0,1,1,1,0,0,0,0,0,0,0,0,0,0,0,0,0,0,1,0,0,0,"https://1209k.com/bobross/images/402670.jpg"""
S17E10,"""OLD COUNTRY MILL""",0,0,0,0,0,0,0,0,0,0,0,0,0,0,0,0,0,0,0,0,0,1,0,0,0,0,0,0,0,1,1,0,1,0,1,1,0,0,"https://1209k.com/bobross/images/402671.jpg"""
S17E11,"""MORNING WALK""",0,0,0,0,0,0,0,0,0,0,0,0,0,0,0,0,1,0,0,0,0,0,0,0,0,0,1,0,0,0,0,0,0,0,1,0,0,0,"https://1209k.com/bobross/images/402672.jpg"""
S17E12,"""NATURE'S SPLENDOR""",0,0,0,0,0,0,0,0,0,0,0,0,0,0,0,0,0,1,0,0,0,0,0,1,0,0,0,0,0,1,0,0,0,0,1,0,0,0,"https://1209k.com/bobross/images/402673.jpg"""
S17E13,"""MOUNTAIN BEAUTY""",0,0,0,0,0,0,0,0,0,0,0,0,0,0,0,1,0,1,1,1,0,0,0,1,0,0,0,0,0,0,0,0,0,0,1,0,0,0,"https://1209k.com/bobross/images/402674.jpg"""
S18E01,"""HALF-OVAL VIGNETTE""",0,0,0,0,0,0,1,0,0,0,1,0,0,0,0,0,0,0,0,1,0,0,0,1,0,0,0,0,0,0,0,0,0,0,1,0,0,0,"https://1209k.com/bobross/images/487971.jpg"""
S18E02,"""ABSOLUTELY AUTUMN""",0,0,0,0,0,0,1,0,0,0,1,0,0,0,0,0,0,1,0,0,0,0,0,0,0,0,0,0,0,1,0,0,0,0,1,0,0,0,"https://1209k.com/bobross/images/487981.jpg"""
S18E03,"""MOUNTAIN SECLUSION""",0,0,0,0,0,0,0,1,0,0,1,0,0,0,0,0,0,0,0,0,0,0,0,1,0,0,0,0,0,1,0,1,1,0,1,0,0,0,"https://1209k.com/bobross/images/487991.jpg"""
S18E04,"""CRIMSON OVAL""",0,0,0,0,0,0,0,0,0,0,0,0,0,0,0,0,0,1,0,0,0,0,0,0,0,0,0,0,0,1,0,0,0,0,1,1,0,0,"https://1209k.com/bobross/images/488001.jpg"""
S18E05,"""AUTUMN EXHIBITION""",0,0,0,0,0,0,0,0,0,0,0,0,0,0,0,0,0,1,0,1,0,0,0,0,0,0,0,0,0,0,0,0,0,0,1,0,0,0,"https://1209k.com/bobross/images/488011.jpg"""
S18E06,"""MAJESTIC PEAKS""",0,0,0,0,0,0,1,0,0,0,0,0,0,0,0,0,0,0,0,1,0,0,0,1,0,0,0,0,0,0,0,0,0,0,1,0,0,0,"https://1209k.com/bobross/images/488021.jpg"""
S18E07,"""GOLDEN MORNING MIST""",0,0,0,0,0,0,0,0,0,0,0,0,0,0,0,0,1,1,0,0,0,0,0,0,0,0,0,0,0,1,0,0,0,0,1,0,0,0,"https://1209k.com/bobross/images/488031.jpg"""
S18E08,"""WINTER LACE""",0,0,0,0,0,0,0,0,0,0,1,0,0,0,0,0,0,0,0,1,0,0,0,0,0,0,0,0,0,0,0,1,0,0,1,0,0,0,"https://1209k.com/bobross/images/488041.jpg"""
S18E09,"""SEASCAPE FANTASY""",0,0,1,0,0,0,0,0,0,0,1,0,0,0,0,0,0,0,0,0,0,0,0,0,0,1,0,0,0,0,0,0,0,0,0,0,1,0,"https://1209k.com/bobross/images/488051.jpg"""
S18E10,"""DOUBLE OVAL STREAM""",0,0,0,0,0,0,1,0,0,0,0,0,0,0,0,0,0,0,0,0,0,0,0,0,0,0,0,0,0,1,0,0,0,0,1,0,0,0,"https://1209k.com/bobross/images/488061.jpg"""
S18E11,"""ENCHANTED FOREST""",0,0,0,0,0,0,0,0,0,0,0,0,0,0,0,0,0,0,0,0,0,0,0,0,0,0,1,0,0,0,0,0,0,0,1,0,0,0,"https://1209k.com/bobross/images/488071.jpg"""
S18E12,"""SOUTHWEST SERENITY""",0,0,0,0,0,0,0,0,1,0,1,0,0,0,0,0,0,0,0,0,0,0,0,1,0,0,1,0,0,0,0,0,0,0,0,0,0,0,"https://1209k.com/bobross/images/488081.jpg"""
S18E13,"""RIPPLING WATERS""",0,0,0,0,0,0,0,0,0,0,0,0,0,0,0,0,0,0,0,0,0,0,0,0,0,0,0,0,0,1,1,0,0,1,1,1,0,0,"https://1209k.com/bobross/images/488091.jpg"""
S19E01,"""SNOWFALL MAGIC""",0,0,0,0,0,0,0,0,0,0,0,0,0,0,0,0,0,0,0,0,0,0,0,0,0,0,0,0,0,1,0,1,0,0,1,0,0,0,"https://1209k.com/bobross/images/488921.jpg"""
S19E02,"""QUIET MOUNTAIN LAKE""",0,0,0,0,0,0,0,0,0,0,1,0,0,0,0,0,0,1,0,1,0,0,0,1,0,0,0,0,0,0,0,0,0,0,1,0,0,0,"https://1209k.com/bobross/images/489011.jpg"""
S19E03,"""FINAL EMBERS OF SUNLIGHT""",0,0,0,0,0,0,0,0,0,0,0,0,0,0,0,0,0,0,0,0,0,0,0,0,0,0,0,0,0,1,0,0,0,1,1,0,0,0,"https://1209k.com/bobross/images/489021.jpg"""
S19E04,"""SNOWY MORN""",0,0,0,0,0,0,0,1,0,0,0,0,0,0,0,0,0,0,0,0,0,0,0,0,0,0,0,0,0,0,0,1,1,0,1,0,0,0,"https://1209k.com/bobross/images/489031.jpg"""
S19E05,"""CAMPER'S HAVEN""",0,0,0,0,0,0,1,0,0,0,0,0,0,0,0,0,0,1,0,1,0,0,0,1,0,0,0,0,0,0,0,0,0,0,1,0,0,0,"https://1209k.com/bobross/images/489041.jpg"""
S19E06,"""WATERFALL IN THE WOODS""",0,0,0,0,0,0,0,0,0,0,0,0,0,0,0,0,0,1,0,0,0,0,0,0,0,0,0,0,0,1,1,0,0,0,1,1,0,0,"https://1209k.com/bobross/images/431615.jpg"""
S19E07,"""COVERED BRIDGE OVAL""",0,0,0,0,1,0,0,0,0,0,0,0,0,1,0,0,0,0,0,0,0,0,0,0,0,0,0,0,0,1,0,1,1,0,1,0,0,0,"https://1209k.com/bobross/images/488931.jpg"""
S19E08,"""SCENIC SECLUSION""",0,0,0,0,0,0,1,0,0,0,0,0,0,0,0,0,0,1,0,0,0,0,0,1,0,0,0,0,0,1,0,0,0,0,1,1,0,0,"https://1209k.com/bobross/images/488951.jpg"""
S19E09,"""EBB TIDE""",0,0,1,0,0,0,0,0,0,0,1,0,0,0,0,0,0,0,0,0,0,0,0,0,0,1,0,0,0,0,1,0,0,1,0,0,1,0,"https://1209k.com/bobross/images/488961.jpg"""
S19E10,"""AFTER THE RAIN""",0,0,0,0,0,0,0,0,0,0,0,0,0,0,0,0,0,0,0,0,0,0,0,0,0,0,1,0,0,0,0,0,0,0,1,0,0,0,"https://1209k.com/bobross/images/488971.jpg"""
S19E11,"""WINTER'S ELEGANCE""",0,0,0,0,0,0,0,0,0,0,1,0,0,0,0,0,0,0,0,1,0,0,0,0,0,0,0,0,0,0,1,1,0,0,1,0,0,0,"https://1209k.com/bobross/images/488981.jpg"""
S19E12,"""EVENING'S PEACE""",0,1,0,0,0,0,0,0,0,0,0,0,0,1,0,0,0,0,0,0,0,0,1,0,1,0,0,0,0,0,0,1,1,0,1,0,0,0,"https://1209k.com/bobross/images/488991.jpg"""
S19E13,"""VALLEY OF TRANQUILITY""",0,0,0,0,0,0,1,0,0,0,1,0,0,0,0,0,0,1,0,0,0,0,0,1,0,0,0,0,0,1,0,0,0,0,1,1,0,0,"https://1209k.com/bobross/images/489001.jpg"""
S20E01,"""MYSTIC MOUNTAIN""",0,0,0,0,0,0,0,0,0,0,1,0,0,0,0,0,0,0,0,1,0,0,0,1,0,0,0,0,0,0,0,0,0,0,1,0,0,0,"https://1209k.com/bobross/images/902961.jpg"""
S20E02,"""NEW DAY'S DAWN""",0,1,0,0,0,0,0,0,0,0,0,0,0,1,0,0,0,1,0,0,0,0,0,0,0,0,1,0,0,0,0,0,1,1,1,0,0,0,"https://1209k.com/bobross/images/902971.jpg"""
S20E03,"""PASTEL WINTER""",0,0,0,0,0,0,0,0,0,0,0,0,0,0,0,0,0,0,0,0,0,0,0,1,0,0,0,0,0,0,0,1,0,0,1,0,0,0,"https://1209k.com/bobross/images/902981.jpg"""
S20E04,"""HAZY DAY""",0,0,0,0,0,0,0,0,0,0,0,0,0,0,0,0,1,0,0,0,0,0,0,0,0,0,0,0,0,1,1,0,0,0,1,0,0,0,"https://1209k.com/bobross/images/902991.jpg"""
S20E05,"""DIVINE ELEGANCE""",0,0,0,0,0,0,0,0,0,0,1,0,0,0,0,0,0,0,0,1,0,0,0,1,0,0,0,0,0,0,1,0,0,0,1,0,0,0,"https://1209k.com/bobross/images/903001.jpg"""
S20E06,"""CLIFFSIDE""",0,0,1,0,0,0,0,0,0,1,1,0,0,0,0,0,0,0,0,0,0,0,0,0,0,1,0,0,0,0,1,0,0,0,0,0,1,0,"https://1209k.com/bobross/images/903011.jpg"""
S20E07,"""AUTUMN FANTASY""",0,0,0,0,0,0,0,0,0,0,1,0,0,0,0,0,0,0,0,0,0,0,0,1,0,0,0,0,0,1,0,0,0,0,1,0,0,0,"https://1209k.com/bobross/images/903021.jpg"""
S20E08,"""THE OLD OAK TREE""",0,0,0,0,0,0,0,0,0,0,0,0,0,0,0,0,0,1,0,0,0,0,0,0,0,0,0,0,0,1,0,0,0,0,1,0,0,0,"https://1209k.com/bobross/images/903031.jpg"""
S20E09,"""WINTER'S PARADISE""",0,0,0,0,0,0,0,0,0,0,1,0,0,0,0,0,0,0,0,0,0,0,0,1,0,0,0,0,0,1,0,1,0,0,1,0,0,0,"https://1209k.com/bobross/images/431617.jpg"""
S20E10,"""DAYS GONE BY""",0,0,0,0,1,0,1,1,0,0,0,0,0,0,0,0,0,0,0,0,0,0,0,0,0,0,1,0,0,0,0,0,1,0,1,0,0,0,"https://1209k.com/bobross/images/903041.jpg"""
S20E11,"""CHANGE OF SEASONS""",0,0,0,0,0,0,0,0,0,0,0,0,0,0,0,0,0,0,0,0,0,0,0,1,0,0,0,0,0,1,0,0,0,0,1,0,0,0,"https://1209k.com/bobross/images/903051.jpg"""
S20E12,"""HIDDEN DELIGHT""",0,0,0,0,0,0,0,1,0,0,0,0,0,0,0,0,0,0,0,0,0,0,0,0,0,0,1,0,0,1,0,0,0,1,1,0,0,0,"https://1209k.com/bobross/images/903061.jpg"""
S20E13,"""DOUBLE TAKE""",0,0,0,0,0,0,1,0,0,0,0,0,0,0,0,0,1,0,0,1,0,0,0,1,0,0,0,0,0,0,0,1,0,0,1,0,0,0,"https://1209k.com/bobross/images/903071.jpg"""
S21E01,"""VALLEY VIEW""",0,0,0,0,0,0,0,0,0,0,0,0,0,0,0,0,0,0,0,1,0,0,0,1,0,0,0,0,0,0,0,0,0,0,1,0,0,0,"https://1209k.com/bobross/images/424848.jpg"""
S21E02,"""TRANQUIL DAWN""",0,0,0,0,0,0,0,0,0,0,0,0,0,0,0,0,1,0,0,0,0,0,0,0,0,0,0,0,0,1,0,0,0,1,1,0,0,0,"https://1209k.com/bobross/images/424849.jpg"""
S21E03,"""ROYAL MAJESTY""",0,0,0,0,0,0,0,0,0,0,1,0,0,0,0,0,0,0,0,0,0,0,0,1,0,0,0,0,0,1,1,0,0,0,1,1,0,0,"https://1209k.com/bobross/images/424851.jpg"""
S21E04,"""SERENITY""",0,0,0,0,0,0,0,0,0,0,0,0,0,0,0,1,0,0,0,0,0,0,0,0,0,0,0,0,0,1,0,0,0,0,1,1,0,0,"https://1209k.com/bobross/images/424852.jpg"""
S21E05,"""CABIN AT TRAIL'S END""",0,0,0,0,0,0,0,1,0,0,0,0,0,0,0,0,0,0,0,0,0,0,0,0,0,0,1,0,0,0,0,0,1,0,1,0,0,0,"https://1209k.com/bobross/images/424853.jpg"""
S21E06,"""MOUNTAIN RHAPSODY""",0,0,0,0,0,0,0,0,0,0,0,0,0,0,0,0,0,0,0,1,0,0,0,1,0,0,0,0,0,0,0,1,0,0,1,0,0,0,"https://1209k.com/bobross/images/424854.jpg"""
S21E07,"""WILDERNESS CABIN""",0,0,0,0,0,0,0,1,0,0,0,0,0,0,0,0,0,0,0,1,0,0,0,0,0,0,0,0,0,0,1,0,1,0,1,0,0,0,"https://1209k.com/bobross/images/424856.jpg"""
S21E08,"""BY THE SEA""",0,0,1,0,0,0,0,0,0,1,1,0,0,0,0,0,0,0,0,0,0,0,0,0,0,1,0,0,0,0,1,0,0,1,1,0,1,0,"https://1209k.com/bobross/images/431616.jpg"""
S21E09,"""INDIAN SUMMER""",0,0,0,0,0,0,1,0,0,0,0,0,0,0,0,0,0,0,0,0,0,0,0,0,0,0,0,0,0,0,0,0,0,0,1,0,0,0,"https://1209k.com/bobross/images/446793.jpg"""
S21E10,"""BLUE WINTER""",0,0,0,0,0,0,0,0,0,0,1,0,0,0,0,0,0,0,0,0,0,0,0,1,0,0,0,0,0,1,0,1,0,0,1,0,0,0,"https://1209k.com/bobross/images/446794.jpg"""
S21E11,"""DESERT GLOW""",0,0,0,0,0,0,0,0,1,0,1,0,0,0,0,0,0,0,0,0,0,0,0,1,0,0,1,0,0,0,0,0,0,0,0,0,0,0,"https://1209k.com/bobross/images/446795.jpg"""
S21E12,"""LONE MOUNTAIN""",0,0,0,0,0,0,0,0,0,0,0,0,0,0,0,0,0,1,0,1,0,0,0,1,0,0,0,0,0,0,0,0,0,0,1,0,0,0,"https://1209k.com/bobross/images/446796.jpg"""
S21E13,"""FLORIDA'S GLORY""",0,0,1,0,0,0,0,0,0,0,0,0,0,0,0,0,0,0,0,0,0,0,0,0,0,1,0,0,0,0,0,0,0,0,0,0,1,0,"https://1209k.com/bobross/images/446797.jpg"""
S22E01,"""AUTUMN IMAGES""",0,0,0,0,0,0,1,0,0,0,1,0,0,0,0,1,0,0,0,0,0,0,0,0,0,0,0,0,0,1,0,0,0,0,1,0,0,0,"https://1209k.com/bobross/images/488151.jpg"""
S22E02,"""HINT OF SPRINGTIME""",0,0,0,0,0,0,1,0,0,0,0,0,0,0,0,0,0,0,0,0,0,0,0,1,0,0,0,0,0,1,0,0,0,0,1,1,0,0,"https://1209k.com/bobross/images/488161.jpg"""
S22E03,"""AROUND THE BEND""",0,0,0,0,0,0,0,0,0,0,0,0,0,0,0,1,0,0,0,0,0,0,0,0,0,0,0,0,0,1,1,0,0,0,1,0,0,0,"https://1209k.com/bobross/images/S22E3.jpg""/"
S22E04,"""COUNTRYSIDE OVAL""",0,0,0,0,0,0,0,0,0,0,1,0,0,0,0,0,0,1,1,0,0,0,0,0,0,0,0,0,0,1,0,0,0,0,1,0,0,0,"https://1209k.com/bobross/images/488181.jpg"""
S22E05,"""RUSSET WINTER""",0,1,0,0,0,0,0,0,0,0,0,0,0,0,0,0,0,0,0,0,0,0,0,0,0,0,0,0,0,0,0,1,1,0,1,0,0,0,"https://1209k.com/bobross/images/488191.jpg"""
S22E06,"""PURPLE HAZE""",0,0,0,0,0,0,1,0,0,0,0,0,0,0,0,0,0,1,0,0,0,0,0,0,0,0,0,0,0,1,0,0,0,0,1,1,0,0,"https://1209k.com/bobross/images/S22E6.jpg""/"
S22E07,"""DIMENSIONS""",0,0,0,0,0,0,0,0,0,0,0,0,0,0,0,0,0,0,0,0,0,0,0,1,0,0,0,0,0,1,0,0,0,0,1,0,0,0,"https://1209k.com/bobross/images/488201.jpg"""
S22E08,"""DEEP WILDERNESS HOME""",0,0,0,0,0,0,0,1,0,1,0,0,0,0,0,0,0,1,0,0,0,0,0,0,0,0,0,0,0,1,0,0,0,0,1,1,0,0,"https://1209k.com/bobross/images/488211.jpg"""
S22E09,"""HAVEN IN THE VALLEY""",0,0,0,0,0,0,0,1,0,0,0,0,0,0,0,0,0,0,0,1,0,0,0,1,0,0,1,0,0,0,0,0,1,0,1,0,0,0,"https://1209k.com/bobross/images/488221.jpg"""
S22E10,"""WINTERTIME BLUES""",0,0,0,0,0,0,0,0,0,0,1,0,0,0,0,0,0,0,0,0,0,0,0,1,0,0,0,0,0,0,0,1,0,0,1,0,0,0,"https://1209k.com/bobross/images/488101.jpg"""
S22E11,"""PASTEL SEASCAPE""",0,0,1,0,0,0,0,0,0,0,1,0,0,0,0,0,0,0,0,0,0,0,0,0,0,1,0,0,0,0,0,0,0,1,0,0,1,0,"https://1209k.com/bobross/images/488111.jpg"""
S22E12,"""COUNTRY CREEK""",0,0,0,0,0,0,0,0,0,0,0,0,0,0,0,0,0,0,0,0,0,0,0,0,0,0,0,0,0,1,1,0,0,0,1,0,0,0,"https://1209k.com/bobross/images/488121.jpg"""
S22E13,"""SILENT FOREST""",0,0,0,0,0,0,0,0,0,0,0,0,0,0,0,0,0,1,0,0,0,0,0,0,0,0,0,0,0,1,0,0,0,0,1,0,0,0,"https://1209k.com/bobross/images/488131.jpg"""
S23E01,"""FROSTY WINTER MORN""",0,0,0,0,0,0,0,1,0,0,0,0,0,1,0,0,0,0,1,0,0,0,0,0,0,0,0,0,0,0,0,1,0,0,1,0,0,0,"https://1209k.com/bobross/images/S22E13.jpg"""
S23E02,"""FOREST EDGE""",0,0,0,0,0,0,1,0,0,0,0,0,0,0,0,0,0,1,0,0,0,0,0,0,0,0,1,0,0,0,0,0,0,0,1,0,0,0,"https://1209k.com/bobross/images/488141.jpg"""
S23E03,"""MOUNTAIN RIDGE LAKE""",0,0,0,0,0,0,0,0,0,0,1,0,0,0,0,0,0,1,0,1,0,0,0,1,0,0,0,0,0,0,0,0,0,0,1,0,0,0,"https://1209k.com/bobross/images/488251.jpg"""
S23E04,"""REFLECTIONS OF GOLD""",0,0,0,0,0,0,0,0,0,0,1,0,0,0,0,0,0,0,0,0,0,0,0,0,0,0,0,0,0,1,0,1,0,1,1,0,0,0,"https://1209k.com/bobross/images/488271.jpg"""
S23E05,"""QUIET COVE""",0,0,0,0,0,0,1,0,0,0,0,0,0,0,0,0,0,0,1,1,0,0,0,0,0,0,0,0,0,0,1,0,0,0,1,0,0,0,"https://1209k.com/bobross/images/488281.jpg"""
S23E06,"""RIVER'S PEACE""",0,0,0,0,0,0,0,0,0,0,0,0,0,0,0,0,0,1,0,0,0,0,0,0,0,0,0,0,0,1,0,0,0,0,1,1,0,0,"https://1209k.com/bobross/images/488291.jpg"""
S23E07,"""AT DAWN'S LIGHT""",0,0,0,0,0,0,1,0,0,0,0,0,0,0,0,0,0,0,0,1,0,0,0,0,0,0,1,0,0,0,0,0,0,0,1,0,0,0,"https://1209k.com/bobross/images/488301.jpg"""
S23E08,"""VALLEY WATERFALL""",0,0,0,0,0,0,0,0,0,0,0,0,0,0,0,0,0,1,0,0,0,0,0,1,0,0,0,0,0,1,1,0,0,0,1,1,0,0,"https://1209k.com/bobross/images/488311.jpg"""
S23E09,"""TOWARD DAY'S END""",0,0,0,0,0,0,1,1,0,0,0,0,0,0,0,0,0,1,0,0,0,0,0,0,0,0,0,0,0,1,0,0,1,0,1,0,0,0,"https://1209k.com/bobross/images/488321.jpg"""
S23E10,"""FALLS IN THE GLEN""",0,0,0,0,0,0,0,0,0,0,0,0,0,0,0,0,0,1,0,0,0,0,0,1,0,0,0,0,0,1,0,0,0,0,1,1,0,0,"https://1209k.com/bobross/images/488331.jpg"""
S23E11,"""FROZEN BEAUTY IN VIGNETTE""",0,0,0,0,0,0,0,1,0,0,0,0,0,0,0,0,0,0,0,1,0,0,0,0,0,0,0,0,0,0,0,1,1,0,1,0,0,0,"https://1209k.com/bobross/images/488341.jpg"""
S23E12,"""CRIMSON TIDE""",0,0,1,0,0,0,0,0,0,1,1,0,0,0,0,0,0,0,0,0,0,0,0,0,0,1,0,0,0,0,1,0,0,1,0,0,1,0,"https://1209k.com/bobross/images/488351.jpg"""
S23E13,"""WINTER BLISS""",0,0,0,0,0,0,1,0,0,0,0,0,0,0,0,0,0,0,0,1,0,0,0,1,0,0,0,0,0,0,0,1,0,0,1,0,0,0,"https://1209k.com/bobross/images/488361.jpg"""
S24E01,"""GRAY MOUNTAIN""",0,0,0,0,0,0,1,0,0,0,0,0,0,0,0,0,0,0,0,0,0,0,0,1,0,0,0,0,0,1,0,0,0,0,1,0,0,0,"https://1209k.com/bobross/images/488371.jpg"""
S24E02,"""WAYSIDE POND""",0,0,0,0,0,0,0,0,0,0,0,0,0,0,0,0,0,0,0,1,0,0,0,0,0,0,0,0,0,0,0,0,0,0,1,0,0,0,"https://1209k.com/bobross/images/488381.jpg"""
S24E03,"""TETON WINTER""",0,0,0,0,0,0,0,1,0,0,0,0,0,0,0,0,0,0,0,0,0,0,0,1,0,0,0,0,0,0,0,1,1,0,1,0,0,0,"https://1209k.com/bobross/images/488391.jpg"""
S24E04,"""LITTLE HOME IN THE MEADOW""",0,0,0,0,0,0,0,1,0,0,0,0,0,0,0,0,0,1,0,0,0,0,0,0,0,0,0,0,0,0,0,0,1,0,1,0,0,0,"https://1209k.com/bobross/images/488401.jpg"""
S24E05,"""A PRETTY AUTUMN DAY""",0,0,0,0,0,0,0,0,0,0,1,0,0,0,0,0,0,1,0,0,0,0,0,1,0,0,0,0,0,1,1,0,0,0,1,0,0,0,"https://1209k.com/bobross/images/488411.jpg"""
S24E06,"""MIRRORED IMAGES""",0,0,0,0,0,0,0,0,0,0,1,0,0,0,0,0,0,0,0,1,0,0,0,1,0,0,0,0,0,0,1,0,0,0,1,0,0,0,"https://1209k.com/bobross/images/488421.jpg"""
S24E07,"""BACK COUNTRY""",0,0,0,0,0,0,1,0,0,0,0,0,0,0,0,0,0,0,0,0,0,0,0,0,0,0,1,0,0,0,0,0,0,0,1,0,0,0,"https://1209k.com/bobross/images/488431.jpg"""
S24E08,"""GRACEFUL WATERFALL""",0,0,0,0,0,0,0,0,0,1,0,0,0,0,0,0,0,0,0,0,0,0,0,0,0,0,0,0,0,1,1,0,0,0,1,1,0,0,"https://1209k.com/bobross/images/488441.jpg"""
S24E09,"""ICY LAKE""",0,0,0,0,0,0,0,0,0,0,0,0,0,0,0,0,0,0,0,1,0,0,0,0,0,0,0,0,0,0,0,1,0,0,1,0,0,0,"https://1209k.com/bobross/images/488451.jpg"""
S24E10,"""ROWBOAT ON THE BEACH""",0,0,1,1,0,0,0,0,0,0,1,0,0,0,0,0,0,1,1,0,0,0,0,0,0,1,0,0,0,0,0,0,0,1,0,0,1,0,"https://1209k.com/bobross/images/488461.jpg"""
S24E11,"""PORTRAIT OF WINTER""",0,0,0,0,0,0,1,0,0,0,0,0,0,0,0,0,0,0,0,1,0,0,0,1,0,0,0,0,0,0,0,1,0,0,1,0,0,0,"https://1209k.com/bobross/images/488471.jpg"""
S24E12,"""THE FOOTBRIDGE""",0,0,0,0,1,0,0,0,0,0,0,0,0,0,0,0,0,1,0,0,0,0,0,0,0,0,0,0,0,1,1,0,1,0,1,0,0,0,"https://1209k.com/bobross/images/488481.jpg"""
S24E13,"""SNOWBOUND CABIN""",0,0,0,0,0,0,0,1,0,0,1,0,0,1,0,0,0,0,0,0,0,0,0,0,0,0,0,0,0,0,0,1,0,0,1,0,0,0,"https://1209k.com/bobross/images/488491.jpg"""
S25E01,"""HIDE-A-WAY COVE""",0,0,0,0,0,0,1,0,0,0,0,0,0,0,0,0,0,0,0,1,0,0,0,1,0,0,0,0,0,0,0,0,0,0,1,0,0,0,"https://1209k.com/bobross/images/488501.jpg"""
S25E02,"""ENCHANTED FALLS OVAL""",0,0,0,0,0,0,0,0,0,0,0,0,0,0,0,0,0,0,0,0,0,0,0,0,0,0,0,0,0,1,0,0,0,0,1,1,0,0,"https://1209k.com/bobross/images/488511.jpg"""
S25E03,"""NOT QUITE SPRING""",0,0,0,0,0,0,0,0,0,0,0,0,0,0,0,0,0,0,0,1,0,0,0,1,0,0,0,0,0,0,0,1,0,0,1,0,0,0,"https://1209k.com/bobross/images/440525.jpg"""
S25E04,"""SPLASHES OF AUTUMN""",0,0,0,0,0,0,0,0,0,0,0,0,0,0,0,0,0,0,0,1,0,0,0,0,0,0,0,0,0,1,0,0,0,0,1,1,0,0,"https://1209k.com/bobross/images/440526.jpg"""
S25E05,"""SUMMER IN THE MOUNTAIN""",0,0,0,0,0,0,1,0,0,0,1,0,0,0,0,0,0,0,0,1,0,0,0,1,0,0,0,0,0,0,0,0,0,0,1,0,0,0,"https://1209k.com/bobross/images/440527.jpg"""
S25E06,"""ORIENTAL FALLS""",0,0,0,0,0,0,1,0,0,0,0,0,0,0,0,0,1,0,0,0,0,0,0,0,0,0,0,0,0,0,1,0,0,0,1,1,0,0,"https://1209k.com/bobross/images/440528.jpg"""
S25E07,"""AUTUMN PALETTE""",0,0,0,0,0,0,0,0,0,0,0,0,0,1,0,0,0,0,0,1,0,0,0,0,0,0,0,0,0,0,0,0,0,0,1,0,0,0,"https://1209k.com/bobross/images/440529.jpg"""
S25E08,"""CYPRESS SWAMP""",0,0,0,0,0,0,0,0,0,0,0,0,0,0,0,0,0,0,0,1,0,0,0,0,0,0,0,0,0,0,0,0,0,0,1,0,0,0,"https://1209k.com/bobross/images/431619.jpg"""
S25E09,"""DOWNSTREAM VIEW""",0,0,0,0,0,0,0,0,0,0,1,0,0,0,0,0,0,1,0,0,0,0,0,0,0,0,0,0,0,1,1,0,0,0,1,0,0,0,"https://1209k.com/bobross/images/440530.jpg"""
S25E10,"""JUST BEFORE THE STORM""",0,0,0,0,0,0,0,0,0,0,1,0,0,0,0,0,0,0,0,0,0,0,0,0,0,1,0,0,0,0,0,0,0,0,0,0,1,0,"https://1209k.com/bobross/images/440531.jpg"""
S25E11,"""FISHERMAN'S PARADISE""",0,0,0,0,0,0,0,1,0,0,0,0,0,0,0,0,0,0,0,1,0,0,0,0,0,0,0,0,0,0,0,0,1,1,1,0,0,0,"https://1209k.com/bobross/images/431618.jpg"""
S25E12,"""DESERT HUES""",0,0,0,0,0,0,0,0,1,0,1,0,0,0,0,0,0,0,0,0,0,0,0,1,0,0,1,0,0,0,0,0,0,0,0,0,0,0,"https://1209k.com/bobross/images/431620.jpg"""
S25E13,"""THE PROPERTY LINE""",0,0,0,0,0,0,1,0,0,0,0,0,0,1,0,0,0,0,0,0,0,0,0,0,0,0,0,0,0,0,0,1,0,0,1,0,0,0,"https://1209k.com/bobross/images/440532.jpg"""
S26E01,"""IN THE STILLNESS OF MORNING""",0,0,0,0,0,0,1,0,0,0,0,0,0,0,0,0,1,1,0,0,0,0,0,0,0,0,0,0,0,1,0,0,0,0,1,0,0,0,"https://1209k.com/bobross/images/440533.jpg"""
S26E02,"""DELIGHTFUL MEADOW HOME""",0,0,0,0,0,0,0,1,0,0,0,0,0,1,0,0,0,1,0,0,0,0,0,0,0,0,1,0,0,0,0,0,1,0,1,0,0,0,"https://1209k.com/bobross/images/440534.jpg"""
S26E03,"""FIRST SNOW""",0,0,0,0,0,0,0,0,0,0,1,0,0,0,0,0,0,1,0,0,0,0,0,1,0,0,0,0,0,0,0,1,0,0,1,0,0,0,"https://1209k.com/bobross/images/488521.jpg"""
S26E04,"""LAKE IN THE VALLEY""",0,0,0,0,0,0,1,0,0,0,0,0,0,0,0,0,0,1,0,1,0,0,0,1,0,0,1,0,0,0,0,0,0,1,1,0,0,0,"https://1209k.com/bobross/images/488531.jpg"""
S26E05,"""TRACE OF SPRING""",0,0,0,0,0,0,1,0,0,0,0,0,0,0,0,1,0,1,0,0,0,0,0,0,0,0,0,0,0,1,0,0,0,0,1,0,0,0,"https://1209k.com/bobross/images/488541.jpg"""
S26E06,"""ARCTIC WINTER DAY""",0,0,0,0,0,0,0,1,0,0,1,0,0,0,0,0,0,0,0,1,0,0,0,1,0,0,0,0,0,0,0,1,1,0,1,0,0,0,"https://1209k.com/bobross/images/488551.jpg"""
S26E07,"""SNOW BIRCH""",0,0,0,0,0,0,0,0,0,0,0,0,0,0,0,0,0,0,0,1,0,0,0,0,0,0,0,0,0,0,0,1,0,0,1,0,0,0,"https://1209k.com/bobross/images/488561.jpg"""
S26E08,"""EARLY AUTUMN""",0,0,0,0,0,0,0,0,0,0,0,0,0,0,0,0,0,1,0,1,0,0,0,1,0,0,0,0,0,0,0,0,0,0,1,0,0,0,"https://1209k.com/bobross/images/488571.jpg"""
S26E09,"""TRANQUIL WOODED STREAM""",0,0,0,0,0,0,0,0,0,0,0,0,0,0,0,0,0,0,0,0,0,0,0,0,0,0,0,0,0,1,1,0,0,0,1,0,0,0,"https://1209k.com/bobross/images/488581.jpg"""
S26E10,"""PURPLE MOUNTAIN RANGE""",0,0,0,0,0,0,0,0,0,0,0,0,0,0,0,0,0,0,0,0,0,0,0,0,0,0,0,0,0,0,0,0,0,0,0,0,0,0,"https://1209k.com/bobross/images/488591.jpg"""
S26E11,"""STORM'S A COMIN'""",0,0,1,0,0,0,0,0,0,0,1,0,0,0,0,0,0,0,1,0,0,0,0,0,0,1,0,0,0,0,1,0,0,0,0,0,1,0,"https://1209k.com/bobross/images/488601.jpg"""
S26E12,"""SUNSET AGLOW""",0,0,0,0,0,0,0,0,0,0,1,0,0,0,0,0,0,0,0,1,0,0,0,1,0,0,0,0,0,0,0,0,0,0,1,0,0,0,"https://1209k.com/bobross/images/488611.jpg"""
S26E13,"""EVENING AT THE FALLS""",0,0,0,0,0,0,0,0,0,0,0,0,0,0,0,0,0,0,0,0,0,0,0,0,1,0,0,0,0,1,0,0,0,0,1,1,0,0,"https://1209k.com/bobross/images/488621.jpg"""
S27E01,"""TWILIGHT BEAUTY""",0,0,0,0,0,0,0,0,0,0,0,0,0,0,0,0,1,0,0,1,0,0,0,0,0,0,0,0,0,0,0,0,0,1,1,0,0,0,"https://1209k.com/bobross/images/488631.jpg"""
S27E02,"""ANGLER'S HAVEN""",0,0,0,0,0,0,0,0,0,0,0,0,0,0,0,0,0,0,0,1,0,0,0,1,0,0,0,0,0,0,1,0,0,0,1,0,0,0,"https://1209k.com/bobross/images/488641.jpg"""
S27E03,"""RUSTIC WINTER WOODS""",0,0,0,0,0,0,0,0,0,0,0,0,0,0,0,0,0,0,0,0,0,0,0,0,0,0,0,0,0,0,0,1,0,1,1,0,0,0,"https://1209k.com/bobross/images/422896.jpg"""
S27E04,"""WILDERNESS FALLS""",0,0,0,0,0,0,1,0,0,0,1,0,0,0,0,0,0,1,0,0,0,0,0,1,0,0,0,0,0,1,1,0,0,0,1,1,0,0,"https://1209k.com/bobross/images/422897.jpg"""
S27E05,"""WINTER AT THE FARM""",0,0,0,0,0,0,0,0,0,0,0,0,1,1,0,0,0,0,0,0,0,0,0,0,0,0,0,0,0,0,0,1,1,0,1,0,0,0,"https://1209k.com/bobross/images/422898.jpg"""
S27E06,"""DAISIES AT DAWN""",0,0,0,0,0,0,0,1,0,0,0,0,0,0,0,1,0,0,0,1,0,0,0,0,0,0,0,0,0,0,0,0,1,0,1,0,0,0,"https://1209k.com/bobross/images/422899.jpg"""
S27E07,"""SPECTACULAR VIEW""",0,0,0,0,0,0,0,1,0,0,1,0,0,0,0,0,0,0,0,0,0,0,0,1,0,0,1,0,0,0,0,0,1,0,1,0,0,0,"https://1209k.com/bobross/images/422900.jpg"""
S27E08,"""DAYBREAK""",0,0,0,0,0,0,0,1,0,0,0,0,0,1,0,0,1,0,0,0,0,0,0,0,0,0,0,0,0,0,0,1,1,0,1,0,0,0,"https://1209k.com/bobross/images/422901.jpg"""
S27E09,"""ISLAND PARADISE""",0,0,1,0,0,0,0,0,0,0,1,0,0,0,0,0,0,0,1,0,0,0,0,0,0,1,0,0,0,0,1,0,0,0,0,0,1,0,"https://1209k.com/bobross/images/422902.jpg"""
S27E10,"""SUNLIGHT IN THE SHADOWS""",0,0,0,0,0,0,1,0,0,0,0,0,0,0,0,0,0,1,0,0,0,0,0,0,0,0,0,0,0,1,0,0,0,1,1,0,0,0,"https://1209k.com/bobross/images/422903.jpg"""
S27E11,"""SPLENDOR OF A SNOWY WHITE""",0,0,0,0,0,0,0,1,0,0,0,0,0,0,0,0,0,0,0,0,0,0,0,1,0,0,0,0,0,0,0,1,1,0,1,0,0,0,"https://1209k.com/bobross/images/422904.jpg"""
S27E12,"""FOREST RIVER""",0,0,0,0,0,0,0,0,0,0,0,0,0,0,0,0,0,1,0,0,0,0,0,0,0,0,0,0,0,1,0,0,0,1,1,0,0,0,"https://1209k.com/bobross/images/422905.jpg"""
S27E13,"""GOLDEN GLOW OF MORNING""",0,0,0,0,0,0,0,0,0,0,0,0,0,0,0,0,1,0,0,1,0,0,0,0,0,0,0,0,0,0,1,0,0,1,1,0,0,0,"https://1209k.com/bobross/images/422906.jpg"""
S28E01,"""FISHERMAN'S TRAIL""",0,0,0,0,0,0,1,0,0,0,0,0,0,0,0,0,0,0,0,1,0,0,0,1,0,0,1,0,0,0,0,0,0,0,1,0,0,0,"https://1209k.com/bobross/images/422907.jpg"""
S28E02,"""TO A WARM WINTER""",0,1,0,0,0,0,0,0,0,0,0,0,0,0,0,0,0,0,1,0,0,0,0,0,0,0,0,0,0,0,0,1,1,1,1,0,0,0,"https://1209k.com/bobross/images/422908.jpg"""
S28E03,"""UNDER PASTEL SKIES""",0,0,0,0,0,0,0,0,0,0,1,0,0,0,0,0,0,0,0,0,0,0,0,1,0,0,0,0,0,0,0,0,0,0,1,0,0,0,"https://1209k.com/bobross/images/445115.jpg"""
S28E04,"""GOLDEN RAYS OF SUNLIGHT""",0,0,0,0,0,0,1,0,0,0,0,0,0,0,0,0,0,0,0,0,0,0,0,0,0,0,0,0,0,0,0,0,0,1,1,0,0,0,"https://1209k.com/bobross/images/445116.jpg"""
S28E05,"""MAGIC OF FALL""",0,0,0,0,0,0,0,0,0,0,0,0,0,1,0,0,0,1,0,0,0,0,0,0,0,0,0,0,0,0,0,0,0,0,1,0,0,0,"https://1209k.com/bobross/images/445117.jpg"""
S28E06,"""GLACIER LAKE""",0,0,0,0,0,0,0,0,0,0,0,0,0,0,0,0,0,1,0,1,0,0,0,1,0,0,0,0,0,0,1,0,0,0,1,0,0,0,"https://1209k.com/bobross/images/445118.jpg"""
S28E07,"""THE OLD WEATHERED BARN""",0,1,0,0,0,0,0,0,0,0,0,0,0,0,0,0,0,1,0,0,0,0,0,0,0,0,1,0,0,0,0,0,0,0,1,0,0,0,"https://1209k.com/bobross/images/445119.jpg"""
S28E08,"""DEEP FOREST FALLS""",0,0,0,0,0,0,1,0,0,0,0,0,0,0,0,0,0,0,0,0,0,0,0,0,0,0,0,0,0,1,0,0,0,0,1,1,0,0,"https://1209k.com/bobross/images/445120.jpg"""
S28E09,"""WINTER'S GRACE""",0,0,0,0,0,0,0,0,0,0,0,0,0,0,0,0,1,0,0,0,0,0,0,1,0,0,0,0,0,0,0,1,0,0,1,0,0,0,"https://1209k.com/bobross/images/445121.jpg"""
S28E10,"""SPLENDOR OF AUTUMN""",0,0,0,0,0,0,0,0,0,0,0,0,0,0,0,0,1,1,0,1,0,0,0,0,0,0,0,0,0,0,0,0,0,1,1,0,0,0,"https://1209k.com/bobross/images/445122.jpg"""
S28E11,"""TRANQUIL SEAS""",0,0,1,0,0,0,0,0,0,0,1,0,0,0,0,0,0,0,0,0,0,0,0,0,0,1,0,0,0,0,0,0,0,1,0,0,1,0,"https://1209k.com/bobross/images/431621.jpg"""
S28E12,"""MOUNTAIN SERENITY""",0,0,0,0,0,0,1,0,0,0,0,0,0,0,0,0,0,1,0,1,0,0,0,1,0,0,0,0,0,0,0,0,0,0,1,0,0,0,"https://1209k.com/bobross/images/445123.jpg"""
S28E13,"""HOME BEFORE NIGHTFALL""",0,0,0,0,0,0,0,1,0,0,1,0,0,0,0,0,0,1,0,0,0,0,0,0,1,0,0,0,0,0,0,0,1,0,1,0,0,0,"https://1209k.com/bobross/images/445124.jpg"""
S29E01,"""ISLAND IN THE WILDERNESS""",0,0,0,0,0,0,1,0,0,0,0,0,0,0,0,0,0,0,0,1,0,0,0,0,0,0,0,0,0,0,0,0,0,0,1,0,0,0,"https://1209k.com/bobross/images/431622.jpg"""
S29E02,"""AUTUMN OVAL""",0,0,0,0,0,0,1,0,0,0,0,0,0,0,0,0,0,0,0,1,0,0,0,0,0,0,0,0,0,0,0,0,0,0,1,0,0,0,"https://1209k.com/bobross/images/445114.jpg"""
S29E03,"""SEASONAL PROGRESSION""",0,0,0,0,0,0,1,0,0,0,0,0,0,0,0,0,0,1,0,1,0,0,0,1,0,0,0,0,0,0,0,1,0,0,1,0,0,0,"https://1209k.com/bobross/images/489051.jpg"""
S29E04,"""LIGHT AT THE SUMMIT""",0,0,0,0,0,0,0,0,0,0,0,0,0,0,0,0,0,1,0,0,0,0,0,1,0,0,1,0,0,0,0,0,0,1,1,0,0,0,"https://1209k.com/bobross/images/489061.jpg"""
S29E05,"""COUNTRYSIDE BARN""",0,1,0,0,0,0,0,0,0,0,0,0,0,0,0,0,0,1,0,0,0,0,0,0,0,0,1,0,0,0,0,0,1,0,1,0,0,0,"https://1209k.com/bobross/images/431623.jpg"""
S29E06,"""MOUNTAIN LAKE FALLS""",0,0,0,0,0,0,0,0,0,0,1,0,0,0,0,0,0,0,0,1,0,0,0,1,0,0,0,0,0,1,0,0,0,0,1,1,0,0,"https://1209k.com/bobross/images/431624.jpg"""
S29E07,"""CYPRESS CREEK""",0,0,0,0,0,0,0,0,0,0,0,0,0,0,0,0,0,1,0,0,0,0,0,0,0,0,0,0,0,1,0,0,0,0,1,0,0,0,"https://1209k.com/bobross/images/431625.jpg"""
S29E08,"""TRAPPER'S CABIN""",0,0,0,0,0,0,1,1,0,0,0,0,0,0,0,0,0,0,0,1,0,0,0,1,0,0,0,0,0,0,0,0,1,0,1,0,0,0,"https://1209k.com/bobross/images/489071.jpg"""
S29E09,"""STORM ON THE HORIZON""",0,0,1,0,0,0,0,0,0,0,1,0,0,0,0,0,0,1,0,0,0,0,0,0,0,1,0,0,0,0,1,0,0,0,0,0,1,0,"https://1209k.com/bobross/images/489081.jpg"""
S29E10,"""POT 'O POSIES""",0,0,0,0,0,0,0,0,0,0,0,0,0,0,0,1,0,0,0,0,0,0,0,0,0,0,0,0,0,0,0,0,0,0,0,0,0,0,"https://1209k.com/bobross/images/489091.jpg"""
S29E11,"""PERFECT WINTER'S DAY""",0,0,0,0,0,0,1,1,0,0,1,0,0,0,0,0,0,0,0,0,0,0,0,1,0,0,0,0,0,0,0,1,1,0,1,0,0,0,"https://1209k.com/bobross/images/489101.jpg"""
S29E12,"""AURORA'S DANCE""",1,0,0,0,0,0,0,1,0,0,0,0,0,0,0,0,0,0,0,1,0,0,0,0,1,0,0,0,0,0,0,1,0,0,1,0,0,0,"https://1209k.com/bobross/images/489111.jpg"""
S29E13,"""THE WOODMAN'S RETREAT""",0,0,0,0,0,0,1,0,0,0,0,0,0,0,0,0,0,0,0,1,0,0,0,1,0,0,0,0,0,0,0,0,0,0,1,0,0,0,"https://1209k.com/bobross/images/489121.jpg"""
S30E01,"""BABBLING BROOK""",0,0,0,0,0,0,1,0,0,0,0,0,0,0,0,0,0,1,0,0,0,0,0,0,0,0,0,0,0,1,0,0,0,0,1,1,0,0,"https://1209k.com/bobross/images/489131.jpg"""
S30E02,"""WOODGRAIN VIEW""",0,0,0,0,0,0,0,0,0,0,0,0,0,0,0,0,0,1,0,1,0,0,0,1,0,0,0,0,0,0,0,0,0,0,1,0,0,0,"https://1209k.com/bobross/images/489141.jpg"""
S30E03,"""WINTER'S PEACE""",0,0,0,0,0,0,0,1,0,0,1,0,0,0,0,0,0,0,0,1,0,0,0,0,0,0,0,0,0,0,0,0,1,0,1,0,0,0,"https://1209k.com/bobross/images/488651.jpg"""
S30E04,"""WILDERNESS TRAIL""",0,0,0,0,0,0,1,0,0,0,0,0,0,0,0,0,0,0,0,0,0,0,0,0,0,0,1,0,0,0,0,0,0,0,1,0,0,0,"https://1209k.com/bobross/images/488661.jpg"""
S30E05,"""COPPER WINTER""",0,0,0,0,0,0,0,0,0,0,0,0,0,0,0,0,0,0,0,1,0,0,0,0,0,0,0,0,0,0,0,0,0,0,1,0,0,0,"https://1209k.com/bobross/images/488671.jpg"""
S30E06,"""MISTY FOOTHILLS""",0,0,0,0,0,0,0,0,0,0,1,0,0,0,0,0,0,0,1,1,0,0,0,1,0,0,0,0,0,0,0,0,0,0,1,0,0,0,"https://1209k.com/bobross/images/488681.jpg"""
S30E07,"""THROUGH THE WINDOW""",0,0,0,0,0,0,0,0,0,0,0,0,0,0,0,0,0,0,0,0,0,0,0,0,0,0,0,0,0,0,0,1,0,0,1,0,0,0,"https://1209k.com/bobross/images/488691.jpg"""
S30E08,"""HOME IN THE VALLEY""",0,0,0,0,0,0,0,1,0,0,1,0,0,0,0,0,0,1,0,1,0,0,0,0,0,0,0,0,0,0,0,0,1,0,1,0,0,0,"https://1209k.com/bobross/images/488701.jpg"""
S30E09,"""MOUNTAINS OF GRACE""",0,0,0,0,0,0,0,0,0,0,1,0,0,0,0,0,0,0,0,0,0,0,0,1,0,0,0,0,0,1,0,0,0,0,1,0,0,0,"https://1209k.com/bobross/images/488711.jpg"""
S30E10,"""SEASIDE HARMONY""",0,0,1,0,0,0,0,0,0,0,1,0,0,0,0,0,0,0,0,0,0,0,0,0,0,1,0,0,0,0,1,0,0,0,0,0,1,0,"https://1209k.com/bobross/images/488721.jpg"""
S30E11,"""COLD SPRING DAY""",0,0,0,0,0,0,1,0,0,0,0,0,0,0,0,0,0,0,0,1,0,0,0,1,0,0,0,0,0,0,0,0,0,0,1,0,0,0,"https://1209k.com/bobross/images/488731.jpg"""
S30E12,"""EVENING'S GLOW""",0,0,0,0,0,0,0,1,0,0,0,0,0,0,0,0,0,1,0,0,0,0,0,0,0,0,1,0,0,0,0,0,0,1,1,0,0,0,"https://1209k.com/bobross/images/488741.jpg"""
S30E13,"""BLUE RIDGE FALLS""",0,0,0,0,0,0,1,0,0,0,0,0,0,0,0,0,0,0,0,0,0,0,0,1,0,0,0,0,0,1,1,0,0,0,1,1,0,0,"https://1209k.com/bobross/images/488751.jpg"""
S31E01,"""REFLECTIONS OF CALM""",0,0,0,0,0,0,0,0,0,0,0,0,0,0,0,0,0,0,0,1,0,0,0,1,0,0,0,0,0,0,0,0,0,0,1,0,0,0,"https://1209k.com/bobross/images/488761.jpg"""
S31E02,"""BEFORE THE SNOWFALL""",0,0,0,0,0,0,1,1,0,0,1,0,0,0,0,0,0,0,0,0,0,0,0,0,0,0,0,0,0,1,0,0,1,0,1,0,0,0,"https://1209k.com/bobross/images/488771.jpg"""
S31E03,"""WINDING STREAM""",0,0,0,0,0,0,0,0,0,0,1,0,0,0,0,0,0,1,0,0,0,0,0,0,0,0,0,0,0,1,1,0,0,0,1,0,0,0,"https://1209k.com/bobross/images/488791.jpg"""
S31E04,"""TRANQUILITY COVE""",0,0,0,0,0,0,0,0,0,0,0,0,0,0,0,0,0,1,0,1,0,0,0,0,0,0,0,0,0,0,1,0,0,0,1,0,0,0,"https://1209k.com/bobross/images/488801.jpg"""
S31E05,"""CABIN IN THE HOLLOW""",0,0,0,0,0,0,0,1,0,0,0,0,0,0,0,0,0,0,0,0,0,0,0,0,0,0,0,0,0,1,0,1,0,0,1,0,0,0,"https://1209k.com/bobross/images/488811.jpg"""
S31E06,"""VIEW FROM CLEAR CREEK""",0,0,0,0,0,0,1,0,0,0,0,0,0,0,0,0,0,1,0,0,0,0,0,1,0,0,0,0,0,1,0,0,0,0,1,0,0,0,"https://1209k.com/bobross/images/488821.jpg"""
S31E07,"""BRIDGE TO AUTUMN""",0,0,0,0,1,0,0,0,0,0,0,0,0,0,0,0,0,0,0,1,0,0,0,0,0,0,1,0,0,0,0,0,1,0,1,0,0,0,"https://1209k.com/bobross/images/488831.jpg"""
S31E08,"""TRAIL'S END""",0,0,0,0,0,0,0,0,0,0,1,0,0,0,0,0,0,0,0,0,0,0,0,0,0,0,1,0,0,0,0,0,0,0,1,0,0,0,"https://1209k.com/bobross/images/488841.jpg"""
S31E09,"""EVERGREEN VALLEY""",0,0,0,0,0,0,0,0,0,0,0,0,0,0,0,0,0,1,0,0,0,0,0,1,0,0,0,0,0,0,1,0,0,0,1,0,0,0,"https://1209k.com/bobross/images/488851.jpg"""
S31E10,"""BALMY BEACH""",0,0,1,0,0,0,0,0,0,0,0,0,0,0,0,0,0,0,0,0,0,0,0,0,0,1,0,0,0,0,1,0,0,0,0,0,1,0,"https://1209k.com/bobross/images/488861.jpg"""
S31E11,"""LAKE AT THE RIDGE""",0,0,0,0,0,0,0,0,0,0,1,0,0,0,0,0,0,1,0,1,0,0,0,1,0,0,0,0,0,0,0,0,0,0,1,0,0,0,"https://1209k.com/bobross/images/488871.jpg"""
S31E12,"""IN THE MIDST OF WINTER""",0,1,0,0,0,0,0,0,0,0,0,0,0,0,0,0,1,0,0,0,0,0,0,0,0,0,1,0,0,0,0,1,1,0,1,0,0,0,"https://1209k.com/bobross/images/488881.jpg"""
S31E13,"""WILDERNESS DAY""",0,0,0,0,0,0,0,0,0,0,0,0,0,0,0,0,0,1,0,0,0,0,0,1,0,0,0,0,0,0,0,0,0,0,1,0,0,0,"https://1209k.com/bobross/images/488891.jpg"""
,,,,,,,,,,,,,,,,,,,,,,,,,,,,,,,,,,,,,,,,"https://1209k.com/bobross/images/488901.jpg"""
,,,,,,,,,,,,,,,,,,,,,,,,,,,,,,,,,,,,,,,,"https://1209k.com/bobross/images/488911.jpg"""